2011,"Nick Barnett","","","","","Q","Q","","","","","","","","","",""
2011,"Demetress Bell","","","","","O","O","Q","D","O","Q","Q","","","","","D"
2011,"Jairus Byrd","","","","","","","","","","","","","P","","",""
2011,"Mike Caussin","","","","","","","","","","","","","","","","O"
2011,"Scott Chandler","","","","","","","","","","","","","D","O","Q",""
2011,"Marcell Dareus","","","","","","","","","","","","","","","Q",""
2011,"Marcus Easley","Q","IR","IR","IR","IR","IR","IR","IR","IR","IR","IR","IR","IR","IR","IR","IR"
2011,"Robert Eddins","","IR","IR","IR","IR","IR","IR","IR","IR","IR","IR","IR","IR","IR","IR","IR"
2011,"Ryan Fitzpatrick","","","","","","","","P","","","","","","","",""
2011,"Chris Hairston","","","","","","","O","Q","Q","P","","","","","",""
2011,"Bruce Hall","IR","IR","IR","IR","IR","IR","IR","IR","IR","IR","IR","IR","IR","IR","IR","IR"
2011,"Fred Jackson","","","","","","","","","","","IR","IR","IR","IR","IR","IR"
2011,"Spencer Johnson","","","P","","","","","","","Q","","","","","",""
2011,"Steve Johnson","","P","P","P","","","","","P","Q","P","","","P","P",""
2011,"Donald Jones","","","","","","O","O","P","","","IR","IR","IR","IR","IR","IR"
2011,"Chris Kelsay","","","","","P","O","P","Q","Q","Q","","","","","",""
2011,"Andy Levitre","","","","","","P","","Q","","","","","","","",""
2011,"Rian Lindell","","","","","","","","","O","O","O","O","IR","IR","IR","IR"
2011,"Ruvell Martin","","","","","Q","","","","","","","","","","Q","P"
2011,"Terrence McGee","","O","O","O","P","P","","","","","IR","IR","IR","IR","IR","IR"
2011,"Leodis McKelvin","","","","","","","","","","","","D","","","",""
2011,"Shawne Merriman","","P","","","Q","D","IR","IR","IR","IR","IR","IR","IR","IR","IR","IR"
2011,"Arthur Moats","O","Q","","","","","","","","","","","","","",""
2011,"Kirk Morrison","","","Q","P","","","","","","","","","","","",""
2011,"David Nelson","","","","","","","","","","Q","P","","","","",""
2011,"Roscoe Parrish","","","IR","IR","IR","IR","IR","IR","IR","IR","IR","IR","IR","IR","IR","IR"
2011,"Erik Pears","","","","","","","","","","Q","","","","","",""
2011,"Dave Rayner","","","","","","","","","","","","","","Q","","IR"
2011,"Chad Rinehart","","","","","","","","","","","","","P","","",""
2011,"Naaman Roosevelt","","","","","","","","","","","Q","Q","","","",""
2011,"Da'Norris Searcy","","","","","","Q","","","","","","","","","",""
2011,"Brad Smith","","","","","","","","","","","","","","","","Q"
2011,"Lee Smith","","","","","","","","","","","","","","","IR","IR"
2011,"C.J. Spiller","","","","","Q","","","","","","","","","","",""
2011,"Torell Troup","Q","Q","P","P","Q","P","","","","","","IR","IR","IR","IR","IR"
2011,"Kraig Urbik","","","O","O","P","","","","","","","","","","","O"
2011,"Chris White","","","","O","O","P","","","","IR","IR","IR","IR","IR","IR","IR"
2011,"Johnny White","","","","P","","","","P","Q","","","","","","Q","P"
2011,"Aaron Williams","","","","O","O","O","O","Q","Q","Q","","","O","P","",""
2011,"Kyle Williams","","","","","","Q","O","Q","IR","IR","IR","IR","IR","IR","IR","IR"
2011,"George Wilson","","","","","","","","","","Q","Q","Q","Q","","",""
2011,"Eric Wood","","","","","Q","","","","","IR","IR","IR","IR","IR","IR","IR"
