2010,"Joseph Addai","","","Q","P","P","Q","Q","Q","O","Q","Q","D","Q","Q","Q","",""
2010,"Al Afalava","","","","","","","","","","","","","","","Q","Q","P"
2010,"Pat Angerer","","","","","","","","","Q","","","","","","","",""
2010,"Antoine Bethea","","","","","Q","P","","","","","","","","","","",""
2010,"Gary Brackett","","Q","P","P","P","Q","P","","Q","O","Q","Q","Q","","","",""
2010,"Donald Brown","","","","Q","Q","Q","Q","","","","","","P","","","",""
2010,"Melvin Bullitt","","","","","IR","IR","IR","IR","IR","IR","IR","IR","IR","IR","IR","IR","IR"
2010,"David Caldwell","IR","IR","IR","IR","IR","IR","IR","IR","IR","IR","IR","IR","IR","IR","IR","IR","IR"
2010,"Dallas Clark","","","","","","","IR","IR","IR","IR","IR","IR","IR","IR","IR","IR","IR"
2010,"Austin Collie","","","","Q","Q","Q","O","","O","P","O","Q","Q","P","IR","IR","IR"
2010,"Kavell Conner","","","O","O","O","O","Q","Q","","","","","","","","",""
2010,"Ryan Diem","","Q","","","","","","Q","","","","","","","","","Q"
2010,"Brody Eldridge","","","","","","","","Q","Q","Q","Q","Q","Q","","Q","",""
2010,"Eric Foster","","","Q","","","","","","","","","","","","","Q",""
2010,"Aaron Francisco","","","","","","","","","","","","Q","","","","",""
2010,"Pierre Garcon","","","Q","Q","P","Q","Q","","","","","","","","","",""
2010,"John Gill","O","O","O","O","O","O","O","O","O","O","O","O","O","O","O","O","O"
2010,"Cody Glenn","Q","P","","","","","","","","","","IR","IR","IR","IR","IR","IR"
2010,"Anthony Gonzalez","","O","O","O","O","D","P","Q","IR","IR","IR","IR","IR","IR","IR","IR","IR"
2010,"Tyjuan Hagler","","","","","","","","","","","","","","","Q","",""
2010,"Mike Hart","","","","","Q","Q","","Q","O","Q","O","P","D","Q","Q","P","Q"
2010,"Kelvin Hayden","","","","","","","","","","Q","","Q","Q","P","Q","Q","Q"
2010,"Jordan Hemby","IR","IR","IR","IR","IR","IR","IR","IR","IR","IR","IR","IR","IR","IR","IR","IR","IR"
2010,"Ramon Humber","","Q","O","IR","IR","IR","IR","IR","IR","IR","IR","IR","IR","IR","IR","IR","IR"
2010,"Javarris James","","","","","","","","","","","Q","","","","","",""
2010,"Antonio Johnson","","","","","","","O","O","Q","","","","","","","","Q"
2010,"Charlie Johnson","Q","Q","Q","P","P","P","","","Q","","","Q","Q","Q","Q","Q",""
2010,"Brandon King","","","Q","Q","P","","IR","IR","IR","IR","IR","IR","IR","IR","IR","IR","IR"
2010,"Jacob Lacey","Q","P","","","Q","Q","Q","Q","","","","","","","","",""
2010,"Ricardo Mathews","","","","","","","","","","","","Q","Q","","","",""
2010,"Robert Mathis","","Q","","","","","","Q","","","","","","","","",""
2010,"Marcus McCauley","IR","IR","IR","IR","IR","IR","IR","IR","IR","IR","IR","IR","IR","IR","IR","IR","IR"
2010,"Fili Moala","","","","","","","","","","","","","","Q","","",""
2010,"Devin Moore","","","","","IR","IR","IR","IR","IR","IR","IR","IR","IR","IR","IR","IR","IR"
2010,"Daniel Muir","","","","","","","","","","","","Q","","","Q","Q","P"
2010,"Mike Newton","","","","","","","","","","","","","","","P","","Q"
2010,"Jerraud Powers","","P","P","P","P","P","Q","Q","Q","","","","O","IR","IR","IR","IR"
2010,"Dominic Rhodes","","","","","","","","","","","","","","","","","Q"
2010,"Jamey Richard","","","","Q","P","","","","","","","","","Q","P","","Q"
2010,"Gijon Robinson","","","","","","","","","","","","","","","P","",""
2010,"Bob Sanders","O","O","O","O","O","O","O","O","O","O","O","O","O","IR","IR","IR","IR"
2010,"Tom Santi","IR","IR","IR","IR","IR","IR","IR","IR","IR","IR","IR","IR","IR","IR","IR","IR","IR"
2010,"Jeff Saturday","P","P","P","P","","","","","","","","","","","","",""
2010,"Clint Session","","Q","Q","Q","P","","","Q","Q","Q","Q","Q","Q","Q","Q","P","Q"
2010,"Jamie Silva","IR","IR","IR","IR","IR","IR","IR","IR","IR","IR","IR","IR","IR","IR","IR","IR","IR"
2010,"Taj Smith","","","","","","","","","","","","","Q","","","",""
2010,"Jacob Tamme","","","","","","","","","Q","","","","Q","P","","",""
2010,"Jaimie Thomas","","","","","","","","","","","","","","Q","Q","Q","P"
2010,"Kevin Thomas","IR","IR","IR","IR","IR","IR","IR","IR","IR","IR","IR","IR","IR","IR","IR","IR","IR"
2010,"Justin Tryon","","","","","","","","Q","Q","Q","Q","P","","","","",""
2010,"Tony Ugoh","Q","","","","","","","","","","","","","","","",""
2010,"Chip Vaughn","","","","","","","","","","","IR","IR","IR","IR","IR","IR","IR"
2010,"Reggie Wayne","","","","","P","","Q","","","P","Q","Q","Q","","","","Q"
2010,"Blair White","","","","","","","","","Q","P","","","","","","",""
