2011,"Michael Adams","Q","","","","P","","Q","","P","Q","Q","P","P","","Q","P"
2011,"Stewart Bradley","","","","","","","","","","Q","","","","","Q",""
2011,"Jeremy Bridges","","","","","","","","","","Q","","","","","",""
2011,"Crezdon Butler","","O","Q","IR","IR","IR","IR","IR","IR","IR","IR","IR","IR","IR","IR","IR"
2011,"Sean Considine","","","","","","","","","","","","","Q","Q","Q","Q"
2011,"Darnell Dockett","","","","","","","","","","","P","","P","","",""
2011,"Early Doucet","","","","","Q","","Q","","","","","","","","",""
2011,"Jim Dray","Q","D","Q","Q","Q","Q","Q","Q","","","","","","","",""
2011,"Nick Eason","","","","","","","","Q","","","","","","","",""
2011,"Clark Haggans","","","","","","","","","","","","","","P","",""
2011,"Todd Heap","","","","Q","Q","D","Q","Q","Q","Q","Q","P","Q","","",""
2011,"Rob Housler","Q","","","","","","","Q","Q","Q","Q","P","","P","",""
2011,"A.J. Jefferson","","","","","Q","","","","","","","","","","",""
2011,"Rashad Johnson","","","","","","","","","","","","","","","Q","Q"
2011,"Brandon Keith","","","","","P","","","","","Q","Q","","","Q","Q","Q"
2011,"Kevin Kolb","","","","","","","","D","O","D","Q","P","","Q","Q","O"
2011,"Paris Lenon","","","P","Q","","","","","Q","Q","P","","","","",""
2011,"Korey Lindsey","Q","","","","","","","","","","","","","","",""
2011,"Patrick Peterson","","","","","","","","","","","","","","","","Q"
2011,"Joey Porter","","Q","Q","","Q","P","Q","Q","O","Q","Q","D","Q","Q","IR","IR"
2011,"Kerry Rhodes","","","","","","O","O","O","O","O","O","O","Q","P","","Q"
2011,"Demarco Sampson","P","Q","Q","","","","Q","Q","","","","","","Q","P","Q"
2011,"Lyle Sendlein","","","","","Q","","","","","","","","","","",""
2011,"Anthony Sherman","","","","","","","","Q","Q","Q","","","","","",""
2011,"John Skelton","Q","","","","","","","","","","","","","","",""
2011,"Alfonso Smith","P","","","","","","","","","","","","","","Q",""
2011,"LaRod Stephens-Howling","","Q","Q","Q","","","","Q","Q","Q","P","P","","","Q","Q"
2011,"Chansi Stuckey","","","Q","Q","P","","","","","","","","","","",""
2011,"Gregory Toler","IR","IR","IR","IR","IR","IR","IR","IR","IR","IR","IR","IR","IR","IR","IR","IR"
2011,"Reggie Walker","","","","","","","","","","","","Q","","","",""
2011,"Daryl Washington","","Q","Q","","","","","","","","","","","","",""
2011,"Chris Wells","","","Q","P","Q","","","Q","Q","P","Q","P","P","Q","Q","Q"
2011,"Dan Williams","","","","","","","","","","","IR","IR","IR","IR","IR","IR"
2011,"Ryan Williams","IR","IR","IR","IR","IR","IR","IR","IR","IR","IR","IR","IR","IR","IR","IR","IR"
2011,"Adrian Wilson","P","","","","","","","","","","","","","","",""
2011,"Floyd Womack","IR","IR","IR","IR","IR","IR","IR","IR","IR","IR","IR","IR","IR","IR","IR","IR"
2011,"Dave Zastudil","","P","","","Q","P","","","","","","","Q","Q","Q",""
