2011,"Mister Alexander","","","","","","","","","","Q","P","P","P","P","P","","","P"
2011,"Jason Allen","","P","","","P","P","","","P","P","P","P","P","P","P","P","Q","P"
2011,"Thomas Austin","","P","P","P","P","P","","P","P","P","","","","","","","",""
2011,"Dominique Barber","","","","","","","O","IR","IR","IR","IR","IR","IR","IR","IR","IR","IR","IR"
2011,"Connor Barwin","","","","","","","","","Q","Q","","","","","","","",""
2011,"Bryan Braman","","","","P","","","","P","P","Q","P","","","","","","Q","P"
2011,"Mike Brisiel","","","P","P","","P","Q","P","P","P","","P","Q","O","O","O","Q","Q"
2011,"Duane Brown","","","","","","","P","","P","P","","","","","","","",""
2011,"Tim Bulman","","","","","","","","P","","","Q","Q","Q","Q","P","","","P"
2011,"Rashad Butler","","","IR","IR","IR","IR","IR","IR","IR","IR","IR","IR","IR","IR","IR","IR","IR","IR"
2011,"Antoine Caldwell","P","P","","","","","Q","P","P","P","","","","","Q","","P",""
2011,"Roc Carmichael","Q","Q","IR","IR","IR","IR","IR","IR","IR","IR","IR","IR","IR","IR","IR","IR","IR","IR"
2011,"James Casey","","","","","","Q","D","P","Q","Q","P","","P","","Q","","P","P"
2011,"Shaun Cody","","Q","","","","","","","","","","P","","","Q","Q","P","P"
2011,"Brian Cushing","","","P","","","","P","P","Q","Q","","Q","Q","","","","",""
2011,"Owen Daniels","","","","","","","","","","","P","P","","","Q","Q","Q","P"
2011,"Devard Darling","IR","IR","IR","IR","IR","IR","IR","IR","IR","IR","IR","IR","IR","IR","IR","IR","IR","IR"
2011,"Jake Delhomme","","","","","","","","","","","","","P","","","","",""
2011,"Tim Dobbins","","","","","Q","Q","","","","","","P","","","","","",""
2011,"Joel Dreessen","","","","Q","","P","","","","","","P","Q","Q","Q","Q","P","P"
2011,"Arian Foster","Q","P","D","P","P","Q","","","","","","","","","","","P",""
2011,"Garrett Graham","","","","","","P","","","","","Q","Q","P","P","Q","","",""
2011,"Brandon Harris","","P","","","","P","","","","","","","P","P","P","","",""
2011,"Brett Hartmann","","","","","","","","","","","","","O","IR","IR","IR","IR","IR"
2011,"Kareem Jackson","","","","Q","Q","P","","","","","","","","","","","",""
2011,"Tim Jamison","","","","","","","","","","","","","","","P","","",""
2011,"Lestar Jean","IR","IR","IR","IR","IR","IR","IR","IR","IR","IR","IR","IR","IR","IR","IR","IR","IR","IR"
2011,"Andre Johnson","","","","P","O","O","O","Q","Q","D","P","P","Q","D","Q","P","P","P"
2011,"Bryant Johnson","","","","","Q","Q","","","","","","","","","","Q","P",""
2011,"Jacoby Jones","","","Q","Q","Q","P","P","","","","","","","","Q","","",""
2011,"Johnathan Joseph","","","P","P","P","P","P","P","","","","P","","","Q","","Q","P"
2011,"Matt Leinart","","","","","","","P","Q","","","","IR","IR","IR","IR","IR","IR","IR"
2011,"Jeff Maehl","","","","","","","","","","","","","","","P","Q","",""
2011,"Danieal Manning","","","","","","","P","O","O","O","P","P","","","","","",""
2011,"Brice McCain","","","","","Q","P","","","","","","","P","","","","",""
2011,"Sherrick McManis","","Q","Q","Q","Q","P","","","P","Q","","","","Q","Q","Q","P","P"
2011,"Earl Mitchell","P","Q","","","","","","","","Q","P","","","","Q","P","",""
2011,"Chris Myers","","","","","P","","","P","P","","","","","Q","P","P","P","P"
2011,"Jesse Nading","","","","","","","","","","","P","","","P","Q","","",""
2011,"Derek Newton","","","","","","","","","","","","","","","","P","Q",""
2011,"Troy Nolan","","","","","","","","","","","","","","","Q","Q","Q","Q"
2011,"Glover Quin","P","","","","","","","","","","","P","P","","Q","","P",""
2011,"Neil Rackers","","","","","","","","","","","","","","","P","","",""
2011,"Brooks Reed","P","P","","","","","","","","","","","","","","","","P"
2011,"DeMeco Ryans","P","P","P","P","Q","Q","Q","P","Q","","P","","","","","","",""
2011,"Matt Schaub","","","P","","","P","P","","","","IR","IR","IR","IR","IR","IR","IR","IR"
2011,"Darryl Sharpton","","","","","","","P","","O","IR","IR","IR","IR","IR","IR","IR","IR","IR"
2011,"Antonio Smith","","Q","","","P","P","","","","Q","Q","P","P","","Q","","",""
2011,"Wade Smith","","","","","","","","","","Q","","P","","","","","",""
2011,"Ben Tate","","P","P","P","Q","P","","","P","P","","","","","Q","","","P"
2011,"Lawrence Vickers","","","","P","","","","","","","Q","Q","Q","P","","","",""
2011,"Kevin Walter","","D","Q","Q","","Q","","P","Q","P","","","Q","Q","Q","","",""
2011,"Derrick Ward","","Q","O","D","Q","P","","","","","","","","","","","",""
2011,"J.J. Watt","","","","","","","","","","","","Q","","P","","","",""
2011,"Jon Weeks","P","","","","","","","","","","","","","","","","",""
2011,"Mario Williams","P","P","P","P","Q","IR","IR","IR","IR","IR","IR","IR","IR","IR","IR","IR","IR","IR"
2011,"Eric Winston","","","","","","","","Q","P","Q","","","P","","","P","P","P"
2011,"T.J. Yates","","","","","","","","","","","","","","P","Q","P","P","P"
