2010,"Branden Albert","","","","O","Q","","","","","O","Q","","","","","",""
2010,"Jackie Bates","","","","","","","","","","","","Q","","","","",""
2010,"Dwayne Bowe","","","","","","","","","","","","","","","","","P"
2010,"Matt Cassel","","","","","","","","","","","","","Q","Q","","",""
2010,"Chris Chambers","","","","","","P","","","","","","","","","","",""
2010,"Jamaal Charles","","","","","","","","","","","","P","","","","",""
2010,"Dustin Colquitt","","","","","P","","","","","","","","","","","",""
2010,"Brandon Flowers","","","","","","","","","","","Q","Q","","","","",""
2010,"Wallace Gilberry","","Q","P","","","","","","","","","","","","","",""
2010,"Cory Greenwood","","","","","","","","","","","","","","","Q","",""
2010,"Tamba Hali","Q","Q","P","","","","","","","","","","","","","",""
2010,"Tyson Jackson","","O","Q","Q","P","P","","","","","","","","","","",""
2010,"Tervaris Johnson","IR","IR","IR","IR","IR","IR","IR","IR","IR","IR","IR","IR","IR","IR","IR","IR","IR"
2010,"Reshard Langford","","","Q","Q","Q","Q","Q","","","","","","","","","",""
2010,"Quinten Lawrence","","","","","","","","","","","","","","","","","Q"
2010,"Maurice Leggett","IR","IR","IR","IR","IR","IR","IR","IR","IR","IR","IR","IR","IR","IR","IR","IR","IR"
2010,"Kendrick Lewis","","","","","","Q","","Q","Q","P","","Q","Q","","","",""
2010,"Ryan Lilja","","","","","","","Q","P","","","Q","Q","","","","",""
2010,"Dexter McCluster","D","","","","","","Q","Q","Q","Q","Q","","","","","",""
2010,"Jon McGraw","","P","P","","","","","","Q","Q","Q","P","","","","",""
2010,"Tony Moeaki","","","","","","","","","","O","Q","","","","","",""
2010,"Ryan O'Callaghan","Q","Q","Q","Q","P","P","","","","","","","","","","",""
2010,"Cameron Sheffield","Q","IR","IR","IR","IR","IR","IR","IR","IR","IR","IR","IR","IR","IR","IR","IR","IR"
2010,"Mark Simoneau","","","","","","","","","","IR","","","","","","",""
2010,"Jerheme Urban","IR","IR","IR","IR","IR","IR","IR","IR","IR","IR","IR","IR","IR","IR","IR","IR","IR"
2010,"Donald Washington","","","","","","","","","","","","","Q","","Q","Q","IR"
2010,"Brian Waters","","","","","","","","","O","Q","","","","","","","Q"
