2011,"Cortez Allen","","","","","Q","Q","","","","","","","","","","","D"
2011,"Baron Batch","IR","IR","IR","IR","IR","IR","IR","IR","IR","IR","IR","IR","IR","IR","IR","IR","IR"
2011,"Arnaz Battle","","","","Q","","","","","","Q","Q","Q","Q","Q","Q","",""
2011,"Curtis Brown","","P","","","","","","","","","","","","Q","Q","IR","IR"
2011,"Chris Carter","D","Q","","Q","","","","","","","","O","Q","Q","Q","P","IR"
2011,"Ryan Clark","","","","","","P","","","","","","","P","","","","O"
2011,"Willie Colon","","IR","IR","IR","IR","IR","IR","IR","IR","IR","IR","IR","IR","IR","IR","IR","IR"
2011,"Jerricho Cotchery","Q","D","P","","","","","","","P","","","Q","","","",""
2011,"Jonathan Dwyer","","","P","","","","","","","","","","O","IR","IR","IR","IR"
2011,"James Farrior","","","","","","","","Q","Q","P","","","P","","","",""
2011,"Larry Foote","","","","","","","","","","","","P","Q","","","",""
2011,"Ramon Foster","","","","","","","","","","","","","D","","","",""
2011,"Marcus Gilbert","Q","","","","","Q","","","","","","","","P","","",""
2011,"Casey Hampton","","","","","Q","Q","Q","Q","","","","","","","","","Q"
2011,"James Harrison","","Q","","","O","O","O","O","","P","P","","Q","","P","Q","Q"
2011,"Chris Hoke","","","","","","","Q","Q","","","","","O","IR","IR","IR","IR"
2011,"Brett Keisel","","","D","Q","P","","","","","","","","","","","","Q"
2011,"Chris Kemoeatu","","Q","P","","Q","Q","P","","","","","","","","","",""
2011,"Byron Leftwich","IR","IR","IR","IR","IR","IR","IR","IR","IR","IR","IR","IR","IR","IR","IR","IR","IR"
2011,"Doug Legursky","","","","Q","","","O","O","O","P","","","","","","O","P"
2011,"Bryant McFadden","","Q","P","O","","","","","","","","","","","","",""
2011,"Steve McLendon","","","","P","","","","","","","","","","","","",""
2011,"Rashard Mendenhall","","","","","D","P","P","","","","","","P","","P","","IR"
2011,"Heath Miller","","","","","","","","","","","","","P","","","",""
2011,"Mewelde Moore","","","","","O","Q","","","","","","","Q","","O","O","O"
2011,"Ryan Mundy","","","","","","","","","","","","","P","","","",""
2011,"Troy Polamalu","","","","","","","","","","Q","P","Q","P","Q","","Q","Q"
2011,"Maurkice Pouncey","","","P","","","","Q","","","","","P","P","Q","Q","P","Q"
2011,"Isaac Redman","","","","","","P","","","","","","","P","","","",""
2011,"Ben Roethlisberger","","","P","","P","","","","","","P","P","P","Q","Q","P","P"
2011,"Emmanuel Sanders","","","","","","","","","Q","O","P","Q","D","Q","Q","P",""
2011,"Jonathan Scott","","","","D","","","","","Q","","","","","","","","Q"
2011,"Daniel Sepulveda","","","","","","","","","Q","IR","IR","IR","IR","IR","IR","IR","IR"
2011,"Aaron Smith","","","","","D","O","Q","IR","IR","IR","IR","IR","IR","IR","IR","IR","IR"
2011,"Max Starks","","","","","","","","","","","","","","","","",""
2011,"Stevenson Sylvester","","","","","","","","","","Q","Q","P","P","","","",""
2011,"Mike Wallace","","","","P","","","P","","","","","","","","","P",""
2011,"Hines Ward","","","","","","","","Q","Q","P","","","","","","",""
2011,"LaMarr Woodley","","","","","","","","","D","Q","Q","P","P","","Q","Q","P"
2011,"Jason Worilds","","","","","Q","Q","Q","Q","","","","","","","","",""
