"player_id","team_2009","team_2010","team_2011","team_2012"
27944,"","","ATL","ATL"
19626,"SD","","",""
22531,"PHI","PHI","PHI",""
22740,"MIN","MIN","MIN","MIN"
27520,"","STL","STL",""
27121,"","","STL",""
27893,"","TEN","TEN","TEN"
19696,"TB","","",""
27053,"","BUF","BUF","BUF"
27441,"","","JAC",""
28872,"","","","STL"
26185,"DET","","",""
26255,"TB","","",""
25462,"STL","STL","DAL","JAC"
27891,"","SEA","SEA","SEA"
30263,"","","",""
30001,"","","",""
14724,"NO","NO","",""
26946,"GB","GB","GB","GB"
30455,"","","",""
23540,"SEA","","",""
25629,"IND","IND","DET","TEN"
24442,"KC","NE","PHI",""
26151,"BUF","BUF","BUF","BUF"
28077,"","","MIN","MIN"
30542,"","","",""
26179,"SF","SF","SF","CHI"
27611,"","DEN","",""
28288,"","","BAL","BAL"
23492,"OAK","","",""
26799,"","","DEN",""
27776,"","CLE","CLE",""
22770,"TB","HOU","HOU",""
28373,"","","STL",""
28192,"","","","CHI"
19666,"CLE","CLE","",""
25452,"MIA","MIA","",""
27263,"","","JAC","CHI"
27858,"","KC","","KC"
27997,"","","CLE","CLE"
1820,"DAL","DAL","DAL","DEN"
29510,"","","","NYJ"
29411,"","","",""
26989,"WAS","WAS","WAS","WAS"
30320,"","","",""
26226,"BAL","BAL","BAL","IND"
26904,"CHI","","",""
29271,"","","","CAR"
28787,"","","","WAS"
30585,"","","",""
10711,"ATL","ATL","","ATL"
24365,"SD","MIA","HOU","HOU"
26296,"PIT","PIT","",""
27683,"","DEN","DEN","DEN"
27444,"","TB","TB","TB"
26650,"","DEN","",""
14619,"NE","","",""
29319,"","","","KC"
29647,"","","","DAL"
19613,"ARI","","",""
30119,"","","",""
25591,"TEN","TEN","",""
22808,"DET","DET","DET","DET"
26620,"","IND","",""
26376,"","IND","IND",""
26618,"TB","TB","TB","TB"
29696,"","","","CIN"
30545,"","","",""
27101,"","","BUF",""
27061,"TEN","TEN","TEN","TEN"
21911,"ARI","PHI","CAR","SD"
27653,"","CLE","CLE","CLE"
29220,"","","","NYG"
25596,"","DET","DET",""
27006,"TEN","TEN","TEN","TEN"
23583,"DET","OAK","",""
27012,"CLE","CLE","CLE","DET"
26029,"","TB","TB","NYG"
21273,"CLE","CLE","",""
21160,"DAL","DAL","MIA",""
25428,"ATL","DET","DET","DET"
29068,"","","",""
30148,"","","",""
22126,"BAL","","",""
22804,"","SD","SD","SD"
25475,"KC","","",""
28424,"","","","PHI"
25411,"NE","NE","CHI","WAS"
27000,"ATL","ATL","ATL","ATL"
27078,"GB","GB","GB","GB"
22034,"DEN","DEN","DEN","STL"
29274,"","","","KC"
26071,"NE","NE","NE","NE"
24687,"","SF","",""
26516,"","DEN","DEN","DEN"
25667,"ARI","","",""
28961,"","","","TEN"
26161,"ATL","ATL","ATL","ATL"
23494,"ATL","ATL","ATL","ATL"
29298,"","","","KC"
25497,"OAK","","",""
22131,"KC","HOU","HOU","HOU"
26231,"GB","GB","GB","GB"
27016,"NE","NE","NE","NE"
27190,"","CAR","",""
29612,"","","","STL"
22911,"NO","NO","NO","NO"
21099,"NYJ","NYJ","GB",""
27765,"","PIT","PIT","PIT"
29127,"","","",""
19213,"DEN","DEN","DEN",""
28565,"","","CHI","CHI"
30485,"","","",""
24425,"","MIA","",""
26202,"NE","","",""
21190,"WAS","PIT","",""
20969,"NYJ","NYJ","NYJ","NYJ"
26858,"WAS","WAS","WAS","CAR"
27232,"","NE","NE","IND"
19587,"DET","","",""
28054,"","","PHI","PHI"
29868,"","","",""
21222,"ATL","ATL","",""
24110,"NYJ","NYJ","NYG","NYG"
29288,"","","",""
30526,"","","",""
25450,"GB","GB","","CLE"
22050,"CHI","CHI","",""
24318,"NYJ","NYJ","BUF","BUF"
26898,"NYJ","NYJ","NYJ","NYJ"
25559,"SD","SD","CAR","MIA"
29660,"","","","BUF"
23757,"NO","NO","",""
28123,"","","NYG","JAC"
9889,"BAL","BAL","BAL","BAL"
29216,"","","","DET"
26156,"ARI","ARI","PHI","PHI"
26313,"HOU","HOU","HOU",""
19700,"WAS","","",""
5058,"NYJ","ARI","",""
24495,"SF","SF","SF","SF"
25626,"STL","STL","STL",""
24825,"DET","","",""
29548,"","","","IND"
25604,"MIA","MIA","BUF","BUF"
30549,"","","",""
30024,"","","",""
28029,"","","ATL","ATL"
22000,"NYJ","NYJ","NYJ","STL"
27026,"CLE","CLE","CLE","CLE"
29693,"","","","MIA"
22929,"NO","NO","NO","NO"
27106,"GB","GB","TEN","TEN"
27756,"","","BAL","BAL"
19457,"ARI","","KC",""
21546,"SD","SD","SD",""
26742,"CLE","CLE","CLE",""
27071,"","DAL","DAL",""
26247,"","","",""
27866,"","SEA","SEA","SEA"
28125,"","","TB","SEA"
29684,"","","","CIN"
22785,"PIT","PIT","PIT","PIT"
24583,"WAS","WAS","OAK",""
29667,"","","",""
30458,"","","",""
26210,"CHI","CHI","CHI","CHI"
26267,"IND","IND","IND","DEN"
28522,"","","NO","NO"
24467,"NYG","NYG","NYG","OAK"
26878,"","GB","GB","GB"
21922,"NYG","NYG","NYG","NYG"
28738,"","","CAR","CAR"
19560,"SEA","NYG","NYG",""
20522,"WAS","","",""
27125,"JAC","JAC","JAC",""
26203,"NYG","NYG","",""
28497,"","","BUF",""
30442,"","","",""
4811,"ATL","","",""
20382,"TEN","DET","DET","DET"
26366,"OAK","OAK","OAK","NYJ"
27760,"","MIN","",""
29653,"","","","PHI"
23559,"GB","GB","STL","DAL"
29422,"","","","TB"
23408,"MIA","MIN","MIN","NO"
26622,"BUF","","",""
26739,"","","CLE","CLE"
27745,"","SD","SD","SD"
28097,"","","BUF","BUF"
28153,"","","","MIN"
27990,"","","","NYG"
30309,"","","",""
24341,"DEN","","DEN","DEN"
29138,"","","",""
26170,"NYJ","NYJ","NYJ","NYJ"
30048,"","","",""
22695,"PHI","TEN","PHI","PHI"
27721,"","PHI","PHI","OAK"
30114,"","","",""
24100,"JAC","CHI","CHI",""
28119,"","","OAK","OAK"
20504,"NE","","",""
27440,"","GB","GB","GB"
30529,"","","",""
29546,"","","","ARI"
27070,"NYG","NYG","NYG","NYG"
26217,"CIN","CIN","CIN","CIN"
29577,"","","","DEN"
26346,"BAL","BAL","BAL","CAR"
25425,"OAK","OAK","SEA","SEA"
8484,"TB","","",""
27779,"","JAC","JAC","IND"
21382,"TB","TB","",""
24274,"TB","TB","TB",""
27705,"","TEN","TEN","TEN"
25457,"DEN","DEN","","HOU"
28015,"","","TEN","TEN"
29610,"","","","JAC"
30557,"","","",""
27157,"DET","DEN","NE",""
22084,"ARI","BAL","BAL","BAL"
23438,"NYJ","NYJ","SF","SEA"
26172,"MIA","MIA","MIA","GB"
22840,"SEA","SEA","",""
27810,"","OAK","",""
28986,"","","",""
26212,"BUF","BUF","",""
25615,"GB","NO","",""
16334,"JAC","","",""
21304,"TB","TB","NO",""
26251,"","DAL","JAC",""
26934,"GB","GB","",""
24172,"MIA","MIA","",""
27977,"","","TEN","TEN"
30471,"","","",""
26016,"NYJ","","NYJ","KC"
25474,"","PHI","ARI","ARI"
27141,"KC","","",""
18227,"GB","GB","GB","GB"
28126,"","","IND",""
29620,"","","","JAC"
23635,"","DET","OAK",""
24489,"TEN","TEN","TEN",""
27723,"","TB","SEA","PIT"
21197,"MIN","MIN","STL",""
24013,"PHI","MIN","",""
22998,"PIT","","",""
25547,"","","","CAR"
25434,"NYJ","NYJ","NYJ","NYJ"
28105,"","","CIN","CIN"
22120,"NYJ","NYJ","NYJ","NYJ"
24397,"GB","","",""
27915,"","NYJ","NYJ","NYJ"
30391,"","","",""
28241,"","","","SF"
28127,"","","",""
26700,"","","MIN",""
25592,"","CIN","",""
22054,"MIN","MIN","MIN","NE"
25568,"","ARI","ARI","ARI"
25900,"","","DEN",""
26275,"GB","GB","GB","GB"
30450,"","","",""
30411,"","","",""
30579,"","","",""
22767,"HOU","","","KC"
26944,"CAR","CAR","CAR","CAR"
20958,"OAK","","",""
27471,"","IND","",""
29140,"","","","PIT"
29039,"","","","NYJ"
16624,"PHI","","",""
25594,"BAL","BAL","BAL",""
26758,"SD","SF","SF","SF"
28001,"","","PIT","PIT"
21314,"MIN","CHI","ARI",""
21943,"BAL","MIN","DAL",""
25508,"DEN","DEN","DEN",""
19435,"ARI","ARI","ARI","ARI"
24389,"SF","SF","SF","SF"
27562,"","DET","",""
29593,"","","","MIA"
27981,"","","MIN","MIN"
30387,"","","",""
23001,"WAS","PIT","PIT","PIT"
23490,"BUF","BUF","BUF","TB"
27790,"","","BUF",""
30546,"","","",""
26154,"CHI","CHI","CHI","STL"
19387,"STL","STL","STL",""
22529,"OAK","","",""
23436,"SF","SF","SF","SF"
30248,"","","",""
24307,"DAL","DAL","DAL","DAL"
21145,"WAS","","",""
23470,"PHI","","",""
27153,"","IND","",""
29735,"","","",""
26515,"DEN","NE","","DEN"
29649,"","","",""
30573,"","","",""
21081,"NYJ","NYJ","NYJ","NYJ"
25820,"MIA","MIA","MIA","MIA"
28158,"","","DAL","DET"
21974,"ARI","ARI","ARI","CAR"
29764,"","","",""
26348,"IND","","",""
24017,"NE","NE","",""
27074,"CLE","CLE","CLE","CLE"
27988,"","","SD","SD"
29210,"","","","DET"
24354,"SF","SF","SF",""
29562,"","","","TB"
28694,"","","CLE","CAR"
28695,"","","CLE",""
26359,"BUF","BUF","","PHI"
29640,"","","","STL"
28368,"","","NYG","NYG"
27030,"MIN","MIN","MIN","MIN"
26079,"CLE","PHI","",""
29756,"","","",""
22793,"HOU","HOU","HOU","HOU"
26910,"ARI","ARI","","ARI"
27093,"CAR","CAR","DAL",""
27795,"","CAR","",""
21645,"PHI","NE","NE","NE"
23213,"IND","IND","",""
24796,"STL","STL","STL","STL"
19467,"CAR","STL","SD",""
19986,"PHI","PHI","PHI","CLE"
27782,"","","","NYG"
23500,"SF","SF","SF","SF"
30555,"","","",""
27706,"","PHI","",""
28492,"","","NYG","NYG"
30465,"","","",""
27560,"","","BAL","BAL"
24313,"HOU","HOU","HOU","HOU"
28414,"","","IND",""
28413,"","","JAC",""
28620,"","","NYG","NYG"
20475,"JAC","","",""
29438,"","","","PHI"
27968,"","","NYJ","NYJ"
26678,"IND","","",""
21186,"PHI","CLE","CLE","CLE"
25463,"SF","JAC","JAC","NYJ"
26274,"TEN","HOU","",""
21259,"NO","CLE","CLE","CLE"
22725,"TB","NYG","NYG",""
27890,"","","HOU","HOU"
108,"PHI","PHI","SF","SF"
30215,"","","",""
21179,"WAS","WAS","",""
23612,"TEN","TEN","",""
30371,"","","",""
27056,"DET","DET","",""
30106,"","","",""
27665,"","BAL","BAL","BAL"
27784,"","","","IND"
28101,"","","","SF"
29527,"","","",""
23327,"STL","STL","STL","TB"
21182,"DET","DET","DET",""
21544,"SD","SD","SD",""
26522,"","DEN","",""
27886,"","ARI","ARI","ARI"
19041,"SD","SD","SD",""
22045,"DAL","DAL","DAL","CIN"
26259,"DEN","","",""
27681,"","CAR","CAR","CAR"
21341,"SF","","",""
26723,"TB","CIN","CIN","CIN"
10346,"IND","IND","","DEN"
23195,"ATL","","",""
27576,"","MIA","",""
22140,"SD","","",""
26745,"","SD","SD","SD"
30181,"","","",""
22810,"MIA","BUF","",""
24249,"CLE","","CLE","CLE"
27356,"","MIA","MIA","MIA"
28249,"","","","GB"
22127,"DAL","DAL","DAL","DAL"
27022,"HOU","","HOU","HOU"
25945,"MIN","MIN","MIN","MIN"
30451,"","","",""
22077,"OAK","OAK","PHI","PHI"
27747,"","","TEN","TEN"
28287,"","","BAL",""
23569,"GB","NO","OAK","OAK"
29165,"","","",""
23998,"SD","SD","SD","NE"
22897,"JAC","JAC","JAC","JAC"
25406,"TEN","TEN","TEN","TEN"
22894,"","SF","SD",""
25992,"IND","","",""
19536,"CIN","NYG","MIA","HOU"
28030,"","","","STL"
28237,"","","",""
21997,"DET","","",""
25540,"NYG","NYG","OAK","KC"
29255,"","","","SEA"
25389,"DET","DET","DET","DET"
28173,"","","MIA","MIA"
27417,"","DAL","DAL",""
22750,"BAL","BUF","BUF","CAR"
24269,"HOU","HOU","BAL","BAL"
25390,"CLE","CLE","CLE","CLE"
25487,"OAK","OAK","OAK","CHI"
28824,"","","NYJ","TEN"
865,"PIT","PIT","PIT","PIT"
28664,"","","DAL","DAL"
29239,"","","","NE"
23982,"STL","","",""
26662,"NYJ","NYJ","NYJ","IND"
27043,"DAL","DAL","CAR","CAR"
30000,"","","",""
20679,"SF","DET","DET","DET"
26652,"","NYJ","",""
27350,"","ARI","ARI","MIN"
29291,"","","","GB"
25780,"SEA","","",""
26310,"KC","KC","KC","STL"
29285,"","","","CAR"
22821,"ATL","ATL","ATL","ATL"
27943,"","","ARI","ARI"
28014,"","","JAC",""
30090,"","","",""
20653,"DET","","",""
29324,"","","","KC"
29699,"","","","OAK"
29424,"","","","PHI"
21216,"PHI","SF","",""
25932,"ARI","","",""
26061,"SD","SD","SD",""
28841,"","","","PIT"
17638,"DEN","KC","KC",""
29689,"","","","IND"
23516,"STL","MIA","MIA","MIA"
27152,"DET","DET","",""
30117,"","","",""
24812,"","KC","KC",""
25424,"SD","SD","SD","SD"
29630,"","","","STL"
21332,"TB","TB","",""
20804,"BUF","BUF","BUF","BUF"
11641,"ARI","","",""
26293,"NE","NE","NE","NE"
11970,"SF","SF","",""
27730,"","ARI","ARI","ARI"
27804,"","BUF","",""
29632,"","","","CIN"
29945,"","","",""
19546,"ATL","ATL","ATL","ATL"
26396,"CIN","","",""
27224,"","HOU","","HOU"
30516,"","","",""
26597,"","MIA","",""
19695,"DET","DET","",""
30405,"","","",""
26264,"WAS","IND","NYG","NYG"
27769,"","STL","JAC",""
26290,"","","SEA","SEA"
27437,"","","STL",""
26262,"DAL","DAL","WAS","BUF"
29959,"","","",""
3292,"TEN","TEN","IND",""
21231,"JAC","JAC","",""
28009,"","","DAL","DAL"
29195,"","","","TEN"
27741,"","","KC",""
25553,"JAC","CAR","PHI","PHI"
20267,"DET","DET","JAC","DET"
22101,"ARI","CAR","",""
22771,"TEN","TEN","TEN",""
26215,"SF","SF","SF",""
28168,"","","","ATL"
20446,"SD","KC","",""
23674,"SD","","SD",""
23473,"OAK","OAK","OAK","KC"
23537,"JAC","JAC","CAR","BAL"
24745,"CAR","CAR","",""
27764,"","","ATL",""
22863,"SF","SF","SF","SF"
27120,"TEN","TEN","TEN","TEN"
23531,"SF","","",""
29267,"","","","NYG"
21230,"TEN","","",""
28400,"","","","MIA"
23774,"MIN","MIN","",""
27842,"","OAK","IND","NYG"
26942,"ATL","ATL","ATL","ATL"
27679,"","","","JAC"
30228,"","","",""
22901,"JAC","JAC","",""
28074,"","","ARI","ARI"
27018,"BUF","BUF","BUF","BUF"
24058,"","","JAC","JAC"
21126,"TEN","TEN","TEN",""
26246,"","BAL","",""
26926,"","","",""
24312,"NYJ","NYJ","NYJ","NYJ"
27445,"","MIA","MIA",""
22730,"CHI","","",""
27699,"","","","ATL"
22836,"OAK","OAK","SEA",""
27122,"KC","","",""
27896,"","DET","",""
25764,"BUF","BUF","",""
27041,"STL","STL","STL","STL"
28286,"","","","PIT"
23471,"TB","TB","TEN","HOU"
26566,"","PIT","PIT","PIT"
27822,"","GB","GB","GB"
27215,"","WAS","WAS","WAS"
27128,"CLE","CLE","","OAK"
21187,"KC","KC","KC",""
25499,"PIT","PIT","PIT",""
27702,"","TB","TB","TB"
24367,"WAS","","",""
27656,"","NE","NE","NE"
19100,"CAR","","",""
26738,"","SEA","",""
27427,"","","IND",""
27023,"OAK","OAK","OAK","OAK"
21998,"SEA","BAL","BAL","IND"
27857,"","WAS","WAS","WAS"
23446,"SD","SD","BUF","BUF"
25619,"SEA","","","JAC"
20505,"ARI","ARI","ARI","ARI"
27001,"MIA","MIA","MIA","IND"
1176,"ARI","","",""
25993,"DAL","","",""
26000,"MIA","MIA","MIA","MIA"
26351,"MIA","","MIA","MIA"
21270,"TB","","",""
28159,"","","NYG","NYG"
30384,"","","",""
26056,"","SD","",""
29414,"","","","CIN"
29682,"","","","DEN"
23662,"KC","KC","KC","KC"
25848,"SEA","SEA","SEA",""
25482,"SD","SD","SD",""
25934,"KC","","",""
29217,"","","","DET"
27874,"","DEN","DEN","DEN"
21577,"PHI","SEA","SEA","SEA"
27052,"SD","SD","SD","SD"
24582,"","","","IND"
23511,"MIN","HOU","",""
24755,"SD","SD","",""
28598,"","","GB","GB"
27772,"","SF","SF","SF"
26544,"","NO","NO","NO"
30419,"","","",""
24002,"BAL","BAL","BAL",""
21189,"BUF","HOU","",""
20268,"OAK","","",""
26963,"SEA","SEA","SEA",""
19605,"PHI","","",""
27585,"","SD","SD","SD"
30474,"","","",""
20533,"DAL","DAL","","SF"
28906,"","","","IND"
27743,"","HOU","HOU","CHI"
27149,"","DAL","",""
26344,"MIA","MIA","MIA","NYJ"
26353,"DAL","","DAL",""
27652,"","PHI","PHI","PHI"
28041,"","","ARI","ARI"
24217,"NO","NO","MIA","MIA"
17813,"SD","DEN","",""
27986,"","","OAK","OAK"
30109,"","","",""
5231,"ATL","ATL","",""
29545,"","","","WAS"
25578,"GB","GB","NO",""
26980,"KC","KC","KC","KC"
28441,"","","SEA","SEA"
25444,"PHI","","",""
21214,"MIA","BUF","",""
24306,"CIN","CIN","CIN","CLE"
25991,"IND","IND","IND",""
30488,"","","",""
22161,"BAL","BAL","BAL","BAL"
22707,"KC","KC","KC","SD"
22780,"DEN","DEN","DEN","DEN"
26598,"","ARI","",""
29492,"","","","OAK"
26943,"","","",""
27952,"","","STL","STL"
30382,"","","",""
22164,"STL","OAK","OAK",""
27333,"","TEN","","TEN"
22247,"CLE","CLE","CLE","DEN"
30065,"","","",""
29416,"","","","PHI"
22841,"MIA","","",""
27724,"","CAR","CAR",""
25417,"SD","SD","",""
29931,"","","",""
24607,"CIN","DEN","",""
26920,"PHI","WAS","",""
29061,"","","","JAC"
21106,"CHI","CHI","",""
30104,"","","",""
12871,"ATL","ATL","ATL","ATL"
29658,"","","","NO"
24129,"CLE","CLE","SF","CHI"
29372,"","","","BAL"
23814,"DET","","",""
24272,"CHI","CHI","CHI","CHI"
26814,"TB","","TB","TB"
27720,"","CIN","CIN","CIN"
28994,"","","","IND"
23693,"NYG","NYG","NYG","NYG"
27955,"","","NE","NE"
29287,"","","","CLE"
27506,"","","","SD"
25550,"SEA","","",""
23624,"CLE","JAC","JAC","JAC"
24321,"","PHI","",""
26364,"BUF","BUF","BUF","BUF"
23807,"HOU","","",""
24326,"BAL","CLE","",""
24222,"OAK","OAK","OAK","OAK"
28295,"","","TB",""
27660,"","KC","KC","KC"
9687,"DEN","","",""
22888,"NO","","",""
21163,"DEN","DEN","WAS","MIA"
23367,"TEN","TEN","TEN","TEN"
25787,"BAL","","SD","SD"
26798,"HOU","HOU","HOU","HOU"
25453,"NO","NO","CLE","CLE"
24259,"NYG","","",""
27082,"SD","SD","SD","SD"
27852,"","DAL","DAL","DAL"
28060,"","","BUF","BUF"
25554,"CHI","","",""
27812,"","TB","TB","TB"
4915,"KC","","",""
19702,"GB","GB","GB",""
27902,"","DAL","DAL","DAL"
29076,"","","","JAC"
26069,"SD","SD","SD","CAR"
21377,"BAL","BAL","BAL","BAL"
26648,"","NYJ","NYJ",""
29590,"","","","TEN"
30200,"","","",""
13126,"MIA","ARI","ARI",""
25484,"SF","SF","SF","SF"
28224,"","","DEN","DEN"
28495,"","","NYG",""
8271,"DET","","",""
27015,"JAC","JAC","JAC","JAC"
24240,"PIT","NYJ","NYJ","NYJ"
20737,"PIT","SF","",""
27142,"MIA","","",""
23602,"BUF","BUF","CAR","CAR"
26709,"","","PIT",""
27499,"","","JAC","JAC"
22484,"CIN","","",""
28131,"","","PHI","PHI"
20397,"CIN","CIN","NE",""
28128,"","","SF","CAR"
29893,"","","",""
27377,"","SF","",""
27628,"","","CLE",""
30525,"","","",""
21174,"STL","","",""
30592,"","","",""
25689,"NYJ","NYJ","NYJ","NYJ"
24201,"OAK","OAK","",""
27703,"","HOU","HOU","HOU"
30536,"","","",""
26238,"ATL","ATL","ATL","ATL"
3315,"WAS","CHI","",""
27024,"DEN","DEN","JAC","SF"
1255,"SD","","",""
27085,"","IND","",""
18584,"KC","KC","NE",""
26852,"","WAS","WAS","WAS"
28081,"","","CAR","CAR"
27259,"","","NYG",""
21286,"DET","","",""
23440,"TB","TB","STL",""
26556,"","","","NE"
30049,"","","",""
27863,"","SF","SF","SF"
25889,"SEA","PHI","",""
24330,"GB","NYG","NYG",""
26268,"STL","","",""
21244,"NE","","",""
22847,"NYJ","NYJ","CAR","CAR"
28037,"","","SEA","SEA"
28080,"","","TEN","TEN"
28150,"","","TEN",""
26189,"PHI","PHI","PHI","PHI"
28564,"","","NO","NO"
24220,"GB","GB","GB","GB"
24228,"CLE","OAK","OAK","TEN"
27691,"","ARI","ARI","ARI"
27887,"","SF","CIN","CIN"
25761,"NYJ","NYJ","","STL"
21542,"SD","SD","SD",""
28835,"","","","PIT"
22165,"IND","IND","IND","TB"
22753,"NO","NO","SEA",""
23472,"HOU","HOU","HOU","HOU"
29511,"","","","JAC"
30077,"","","",""
21306,"CHI","","",""
25636,"STL","","",""
27687,"","CIN","CIN","TB"
23060,"MIN","MIN","MIN","MIN"
25597,"STL","","",""
20867,"","WAS","","BAL"
24353,"ATL","","IND","STL"
5082,"PIT","PIT","PIT",""
22787,"HOU","HOU","HOU","HOU"
20550,"NO","","",""
29315,"","","","CLE"
26105,"KC","KC","KC","CIN"
23003,"","PIT","PIT","PIT"
27139,"DAL","","DAL","DAL"
25528,"JAC","","",""
27089,"OAK","OAK","OAK","CAR"
25857,"SD","SD","SD",""
20535,"SF","SF","SF","SF"
26152,"DEN","DEN","DEN","DEN"
21956,"PHI","PHI","PHI","ATL"
30441,"","","",""
27518,"","BUF","BUF","BUF"
10341,"CHI","CHI","CHI","CHI"
25536,"JAC","JAC","JAC","JAC"
30041,"","","",""
24535,"ATL","ATL","ATL","CHI"
30390,"","","",""
26948,"","HOU","HOU","MIA"
28878,"","","",""
29304,"","","","CAR"
23506,"PHI","CLE","CLE","CLE"
29248,"","","","CAR"
24246,"SEA","SEA","CIN",""
25828,"DEN","DEN","DEN","DEN"
26824,"NYG","NYG","",""
19993,"TEN","","",""
26500,"","NYJ","NYJ","NYJ"
25392,"ARI","ARI","ARI",""
27067,"ARI","ARI","ARI","ARI"
26658,"JAC","JAC","JAC","JAC"
27036,"NYG","NYG","NYG","NYG"
23781,"CAR","","",""
25401,"NYJ","NYJ","NYJ","NYJ"
26683,"MIA","MIA","MIA",""
29691,"","","","MIN"
8075,"NYJ","","",""
26998,"MIN","MIN","MIN","MIN"
24236,"NE","DEN","",""
29053,"","","",""
21297,"PIT","","",""
24097,"ATL","","",""
27470,"","IND","",""
27094,"","DEN","","NYG"
23534,"KC","KC","KC","KC"
29202,"","","","PIT"
27663,"","DAL","DAL","DAL"
20543,"NE","NE","NE",""
25426,"ATL","ATL","ATL","ATL"
27112,"","","","TB"
22706,"CLE","","",""
26298,"CHI","CHI","CHI","CHI"
22144,"KC","","",""
25560,"JAC","NYG","NYG","NYG"
28058,"","","PHI","PHI"
28533,"","","HOU","HOU"
16098,"NE","NE","",""
27338,"","DET","DET","NYJ"
28198,"","","","MIN"
22735,"HOU","ATL","ATL","ATL"
23784,"JAC","","",""
27080,"CAR","CAR","CAR","OAK"
7091,"SEA","SEA","TEN","TEN"
23458,"BAL","BAL","",""
22932,"NYJ","","",""
22943,"NE","CLE","CLE","CLE"
23477,"SD","SD","MIA","MIA"
26316,"BAL","BAL","","JAC"
22011,"SEA","","",""
22405,"MIA","MIA","NE","ATL"
28905,"","","","TB"
22097,"DEN","DEN","STL","NE"
23499,"","SD","",""
26150,"NE","NE","NE","NE"
22121,"HOU","WAS","WAS",""
23630,"HOU","HOU","HOU","DEN"
28186,"","","CLE","CLE"
29572,"","","","MIN"
26333,"MIN","","",""
18486,"","ATL","",""
27789,"","TB","TB","WAS"
26143,"ATL","ATL","ATL","ATL"
27658,"","DEN","DEN","DEN"
27129,"DET","DET","DET",""
27697,"","CIN","CIN",""
20329,"DET","","",""
22080,"JAC","JAC","JAC","JAC"
27662,"","CIN","CIN","CIN"
28016,"","","STL","STL"
29060,"","","",""
28018,"","","SF","SF"
26982,"","CIN","CIN","CIN"
30280,"","","",""
30064,"","","",""
27836,"","","SEA",""
24348,"BUF","BUF","BUF","BUF"
26392,"STL","STL","SEA",""
26035,"STL","STL","STL","STL"
21678,"DAL","DAL","DAL","DAL"
29282,"","","","BAL"
21085,"STL","TEN","TEN","TEN"
24793,"","","OAK",""
30401,"","","",""
26950,"","","",""
28069,"","","GB","GB"
22064,"SF","PIT","PIT",""
24239,"CIN","CIN","HOU","HOU"
24309,"IND","","",""
28842,"","","","NYJ"
20469,"BUF","","",""
18958,"CIN","","",""
26447,"ATL","","",""
29848,"","","",""
24227,"BAL","BAL","BAL","BAL"
21637,"STL","STL","STL",""
28613,"","","DAL","DAL"
19599,"STL","","",""
24344,"","JAC","JAC","JAC"
26278,"","","","ATL"
24734,"","SD","CAR","CAR"
27964,"","","KC","KC"
24332,"NYJ","SEA","SEA","SEA"
26253,"NYJ","NYJ","JAC","JAC"
26280,"KC","KC","KC","DAL"
28274,"","","",""
26987,"BUF","BUF","NYJ","NYJ"
26991,"HOU","HOU","HOU","HOU"
30462,"","","",""
21654,"PHI","PHI","PHI","OAK"
26327,"MIN","MIN","MIN","MIN"
20305,"","","STL",""
28007,"","","ARI","ARI"
23853,"DEN","DEN","DEN","DEN"
27749,"","NE","NE","NE"
9173,"SEA","","",""
24030,"","","NO","NO"
24360,"BAL","BAL","JAC","JAC"
26026,"MIA","","",""
27321,"","NYJ","NYJ","NYJ"
30143,"","","",""
28602,"","","GB","GB"
27817,"","","CAR","MIA"
27976,"","","","ARI"
25437,"TEN","SEA","",""
24265,"SD","SD","SD",""
27197,"","","NO","NO"
26314,"SF","SF","SF","WAS"
22984,"GB","GB","GB","WAS"
26536,"","OAK","STL",""
24331,"TEN","TEN","DET","DET"
26160,"TB","TB","TB","TB"
29262,"","","","NYG"
27144,"BUF","","NYJ","NYJ"
12478,"BUF","CIN","",""
23727,"PHI","PHI","CLE","MIA"
30216,"","","",""
22143,"ATL","ATL","ATL",""
21151,"DET","WAS","",""
26871,"KC","","",""
22875,"STL","STL","STL",""
20801,"MIN","WAS","CLE",""
28349,"","","","GB"
22055,"SEA","CLE","CLE",""
24011,"NO","PHI","",""
26263,"NYG","STL","STL","WAS"
29208,"","","",""
20426,"PIT","PIT","PIT","PIT"
29888,"","","",""
24281,"HOU","HOU","HOU","KC"
22803,"NYG","NYG","NYG","NYG"
21224,"CAR","DET","",""
25522,"DET","","",""
28978,"","","",""
28006,"","","BUF","BUF"
22008,"BUF","BUF","BUF","BUF"
22139,"BAL","BAL","BAL","SD"
27360,"","CLE","",""
28005,"","","DEN","DEN"
25682,"ARI","ARI","ARI","ARI"
30383,"","","",""
23561,"TEN","","",""
22905,"CLE","ARI","ARI","SD"
26945,"","TB","TB","TB"
26307,"MIA","MIA","GB","GB"
25409,"CLE","","","KC"
29687,"","","","MIN"
29815,"","","",""
29886,"","","",""
30553,"","","",""
26714,"","WAS","WAS",""
29440,"","","","PHI"
28334,"","","ATL","NYJ"
20470,"TEN","TEN","",""
23832,"GB","DET","",""
19573,"CLE","CLE","",""
26147,"NO","NO","NO","NO"
24018,"KC","KC","",""
27739,"","NYJ","NYJ","NYJ"
28163,"","","BAL","BAL"
29111,"","","","MIA"
26113,"TB","MIA","",""
26432,"","DEN","DEN","DEN"
27422,"","DAL","DAL","DAL"
25539,"IND","IND","IND","IND"
23665,"CIN","CIN","CIN",""
24375,"DEN","DEN","DEN","DEN"
26142,"STL","STL","STL","STL"
23448,"CAR","","CAR","CAR"
26644,"","CAR","CAR",""
29641,"","","","DAL"
23578,"","","IND","TB"
25611,"NYG","NYG","",""
27733,"","SEA","SEA","SEA"
27865,"","PHI","PHI","PHI"
27244,"","CIN","CIN","CIN"
29256,"","","","SD"
28180,"","","SEA","SEA"
28291,"","","NYJ",""
29409,"","","","PHI"
26287,"","JAC","",""
27690,"","DEN","DEN","DEN"
25720,"NYJ","NE","",""
29065,"","","","CLE"
27650,"","TB","TB",""
27694,"","","CLE","CLE"
27247,"","SD","SD","SD"
23729,"CIN","","",""
27979,"","","","WAS"
30080,"","","",""
25607,"NO","NO","MIA","MIN"
29664,"","","","CLE"
27044,"CIN","CIN","CIN","CIN"
26229,"HOU","HOU","MIA",""
27651,"","KC","KC","KC"
22132,"WAS","WAS","DAL","DAL"
23429,"CHI","CHI","DET",""
30087,"","","",""
27339,"","","","DAL"
29410,"","","","NE"
1388,"SF","","",""
22122,"CLE","CLE","",""
23475,"CHI","CHI","",""
30286,"","","",""
28550,"","","CIN",""
26519,"NYG","NYG","","WAS"
23953,"DAL","DAL","CHI",""
24396,"JAC","","",""
29631,"","","","OAK"
28631,"","","DET","DET"
22697,"PIT","PIT","WAS",""
27127,"SD","","",""
25739,"WAS","WAS","WAS",""
29731,"","","",""
28536,"","","HOU","HOU"
26173,"STL","","TEN","IND"
26940,"CAR","","",""
29107,"","","",""
21493,"DET","DET","",""
26163,"PIT","PIT","PIT","PIT"
26235,"NYG","NYG","NYG","SF"
23053,"STL","STL","STL",""
30175,"","","",""
26252,"CIN","CIN","CIN",""
29571,"","","","MIA"
26715,"CAR","CAR","","CAR"
30578,"","","",""
26305,"NYG","NYG","",""
27853,"","","","IND"
23501,"STL","STL","WAS",""
17200,"ARI","","",""
27648,"","STL","STL","STL"
28337,"","","CHI","CHI"
28542,"","","","HOU"
24224,"DET","PHI","IND","DAL"
26200,"","GB","GB","OAK"
26207,"CAR","CAR","CAR","CAR"
27467,"","IND","",""
30456,"","","",""
21257,"DEN","BUF","BUF",""
26204,"DET","DET","DET","DET"
22149,"SF","CLE","CLE",""
26288,"","","ATL",""
22927,"ARI","MIA","MIA","MIA"
22843,"SF","SF","SF","OAK"
27532,"","","",""
27688,"","CLE","CLE","CLE"
20578,"ATL","ATL","ATL","ATL"
27290,"","DEN","DEN","IND"
28082,"","","HOU","HOU"
20571,"STL","","",""
27604,"","CHI","",""
26218,"","NE","",""
28136,"","","NYG","NYG"
26533,"OAK","OAK","OAK","OAK"
22214,"CAR","CAR","CAR",""
29683,"","","","DEN"
26583,"IND","","",""
24345,"NYG","","NYG","NYG"
25461,"TB","OAK","",""
29420,"","","",""
29627,"","","","OAK"
28614,"","","DAL","DAL"
30541,"","","",""
27961,"","","PHI","PHI"
27994,"","","NE","NE"
27814,"","PHI","PHI","PHI"
24226,"CHI","CHI","CHI","CHI"
26093,"","KC","","KC"
20444,"DET","DET","DET","DET"
21064,"","SF","STL",""
24229,"PHI","PHI","DEN","NO"
23439,"CIN","CIN","CIN","GB"
26304,"NO","NO","NO",""
22997,"PIT","","",""
29600,"","","","JAC"
22344,"NO","NO","",""
26237,"CIN","CIN","CIN","DEN"
27879,"","NYJ","NYJ","NYJ"
29091,"","","","IND"
27571,"","TEN","TEN",""
25472,"SEA","SEA","SEA","SEA"
29123,"","","",""
22712,"NE","NE","NE","NE"
30079,"","","",""
4851,"OAK","","",""
26022,"CLE","","",""
26599,"STL","","",""
27971,"","","NE","NE"
23478,"NYG","NYG","NYG","NYG"
27669,"","NO","NO","NO"
24073,"NO","NO","MIN",""
27468,"","IND","IND",""
24297,"NYG","NYG","OAK","OAK"
23298,"","DAL","DAL",""
24355,"BUF","PIT","PIT","CHI"
29634,"","","","DAL"
26762,"","","SF","SF"
21381,"SD","SD","SD","SD"
28332,"","","CLE",""
27671,"","DET","DET","DET"
28374,"","","","SD"
23539,"KC","KC","KC","KC"
20332,"","BUF","",""
23513,"OAK","JAC","BUF","BUF"
28111,"","","SEA","SEA"
12023,"NO","","",""
22044,"HOU","HOU","HOU","HOU"
25443,"TB","TB","TB",""
26902,"NYG","NYG","NYG","NYG"
23442,"JAC","","",""
27003,"IND","IND","IND","IND"
27661,"","NE","NE","NE"
30254,"","","",""
28027,"","","SD","SD"
28575,"","","SD","SD"
24756,"DEN","DEN","DEN","DEN"
27108,"MIN","MIN","","MIN"
29613,"","","","TB"
26941,"CIN","CIN","CIN","CIN"
30508,"","","",""
24241,"BUF","BUF","TB",""
29639,"","","","ARI"
27091,"OAK","JAC","",""
20840,"PIT","PIT","PIT","PIT"
30404,"","","",""
29378,"","","","CLE"
21228,"CHI","NO","",""
28056,"","","KC","KC"
21159,"TB","TB","",""
23524,"JAC","","",""
23509,"NYG","NYG","NYG","NYG"
20508,"SF","SF","",""
22117,"CAR","CAR","CAR","CAR"
28260,"","","MIN","MIN"
20138,"NYG","NYG","",""
26541,"PHI","PHI","PHI","PHI"
25431,"MIN","MIN","SEA","SEA"
29642,"","","","NYJ"
26369,"TEN","BAL","BAL","BAL"
22882,"TEN","","",""
23890,"DET","DEN","DEN",""
26242,"GB","","",""
4091,"CLE","CLE","CLE","CLE"
26537,"WAS","CHI","CHI",""
23354,"NE","","",""
27808,"","","DET","DET"
22434,"PIT","","",""
26909,"","NE","","ARI"
25421,"BUF","BUF","JAC","JAC"
26323,"DEN","DEN","DEN",""
23683,"NYG","NYG","",""
27002,"GB","GB","GB","GB"
27947,"","","DAL","DAL"
26266,"TEN","TEN","TEN","TEN"
19635,"CIN","CIN","",""
27236,"","NE","NE","NE"
19548,"SF","SF","SF","SF"
27213,"","WAS","",""
29559,"","","","NYJ"
29910,"","","",""
25841,"SEA","","",""
26032,"","IND","",""
21269,"GB","JAC","",""
26674,"IND","IND","IND","DET"
27325,"","TB","TB","TB"
24254,"PHI","PHI","","IND"
27088,"BUF","BUF","",""
21931,"HOU","HOU","HOU","HOU"
30562,"","","",""
24420,"DEN","","",""
22975,"TB","TB","","TB"
30219,"","","",""
21154,"DEN","DEN","TEN","NO"
27170,"","NYJ","NYJ","NYJ"
20438,"SEA","BAL","OAK",""
25576,"","NYG","",""
27046,"JAC","JAC","JAC","JAC"
28596,"","","",""
24390,"NYG","NYG","NYG","NYG"
19506,"NYG","NO","",""
22710,"TB","TB","NE","NE"
27778,"","","","BUF"
27762,"","MIA","MIA","MIA"
26751,"SD","SD","",""
28952,"","","","PIT"
6799,"NE","","",""
26269,"NE","NE","DEN",""
26365,"","ARI","ARI",""
29137,"","","","CHI"
25544,"NYJ","NYJ","",""
26368,"STL","STL","STL",""
27719,"","","NE",""
30507,"","","",""
28049,"","","MIA","NYJ"
22713,"KC","","",""
26336,"IND","","",""
29586,"","","","DEN"
27818,"","STL","JAC","JAC"
26744,"","SD","",""
27450,"","TB","TB","TB"
20399,"IND","IND","IND",""
30543,"","","",""
26236,"","BUF","BUF","BUF"
26959,"WAS","","",""
22527,"NO","NO","NO","NO"
846,"CLE","CLE","",""
26148,"JAC","JAC","DEN",""
28067,"","","DEN",""
23096,"","","SD","SD"
29007,"","","","BAL"
27209,"","BUF","BUF",""
26769,"MIA","","",""
29622,"","","","JAC"
29218,"","","","PIT"
23567,"NE","NE","ATL","ARI"
23368,"MIA","MIA","MIA","MIA"
26417,"HOU","HOU","HOU","HOU"
26986,"SF","SF","SF","SF"
28033,"","","PIT","PIT"
24638,"PHI","","",""
24183,"ATL","ATL","ATL","ATL"
22166,"HOU","","",""
24303,"CAR","CAR","CAR","CAR"
24426,"MIN","MIN","MIN","MIN"
26869,"KC","KC","KC","KC"
29592,"","","","CIN"
24338,"CIN","CIN","CIN","CIN"
27595,"","","SD",""
26289,"ARI","ARI","WAS",""
26925,"PIT","","",""
22914,"CAR","CAR","CAR","CAR"
18093,"MIN","MIN","MIN","MIN"
26164,"TEN","TEN","TEN","TEN"
23656,"DAL","DAL","DAL","DAL"
21166,"BUF","","",""
29563,"","","","DEN"
28479,"","","SF","SF"
24250,"WAS","WAS","WAS","STL"
26084,"CLE","CLE","CLE","DAL"
20515,"GB","GB","GB","GB"
27956,"","","SD","SD"
27780,"","SF","","TB"
22811,"NYJ","NYJ","PIT","PIT"
1477,"ATL","","",""
30289,"","","",""
21142,"WAS","","",""
21706,"GB","GB","PHI","PHI"
26209,"SD","SD","SD","DEN"
27066,"TEN","TEN","","TEN"
23846,"HOU","HOU","HOU","OAK"
21345,"","STL","CHI",""
26080,"","TB","",""
22610,"BUF","BUF","BUF","BUF"
29055,"","","","JAC"
27264,"","","NYG","NYG"
30108,"","","",""
29030,"","","",""
25480,"CHI","CHI","",""
29794,"","","",""
30496,"","","",""
18234,"NYJ","NYJ","",""
22722,"DAL","SEA","",""
27119,"DAL","DAL","DAL",""
15080,"PIT","PIT","PIT",""
20873,"NYJ","NYJ","NYJ","NYJ"
30532,"","","",""
28486,"","","IND",""
22137,"DAL","DAL","DAL","HOU"
28625,"","","DET",""
30082,"","","",""
30236,"","","",""
30472,"","","",""
20507,"NO","NO","",""
20406,"ARI","","",""
27996,"","","BAL","BAL"
29551,"","","","ARI"
26126,"STL","","",""
28050,"","","STL",""
23954,"DAL","DAL","WAS","WAS"
11795,"CAR","","",""
28012,"","","","NE"
27337,"","","CHI",""
26548,"","IND","NO",""
19809,"NO","","",""
22085,"CHI","CHI","CHI",""
9305,"PIT","","",""
29263,"","","","SEA"
26155,"KC","KC","KC","KC"
19135,"ARI","","",""
25488,"JAC","JAC","CHI","CHI"
22692,"SEA","SEA","",""
26839,"","","","DAL"
28068,"","","TEN","TEN"
26377,"","NO","NO",""
27124,"","JAC","DET","DET"
25509,"DAL","DAL","DAL","DAL"
30066,"","","",""
24328,"STL","","",""
24456,"STL","","",""
21508,"MIN","MIN","",""
29984,"","","",""
27711,"","SEA","SEA","SEA"
28834,"","","","CLE"
22155,"MIN","MIN","NYG",""
20514,"SD","OAK","",""
22047,"CAR","CAR","IND",""
27809,"","MIA","",""
24095,"PIT","PIT","DET",""
23437,"MIA","MIA","PHI","SD"
22723,"SD","SD","SD","SD"
30246,"","","",""
24334,"DEN","MIA","MIA","CHI"
27509,"","TB","DET","NYJ"
25942,"STL","JAC","JAC",""
29701,"","","","MIA"
25419,"","IND","IND",""
25940,"MIN","MIN","MIN",""
27090,"ATL","","ATL","ATL"
23750,"HOU","HOU","HOU","BUF"
28941,"","","","CHI"
19863,"","IND","",""
28149,"","","SF","SF"
30251,"","","",""
27551,"","NO","NO","NO"
28178,"","","","PHI"
26699,"","","BUF",""
20498,"IND","IND","IND","IND"
26875,"KC","KC","",""
25394,"MIN","MIN","MIN","MIN"
27048,"SF","","",""
30279,"","","",""
21512,"PHI","PHI","STL","STL"
29280,"","","","BUF"
23461,"SEA","SEA","CHI","CHI"
25504,"DET","","","DEN"
25468,"","OAK","",""
29309,"","","","BAL"
29547,"","","","IND"
21250,"PIT","","",""
27761,"","IND","IND",""
16689,"HOU","HOU","JAC",""
27077,"MIA","MIA","MIA","MIA"
26180,"NO","NO","NO","DEN"
27105,"JAC","","JAC",""
30069,"","","",""
28034,"","","GB","GB"
27412,"","","OAK",""
23215,"MIN","MIN","SEA","SEA"
24292,"OAK","","",""
5106,"MIN","MIN","",""
24275,"JAC","JAC","JAC","JAC"
27700,"","STL","","PHI"
27870,"","PIT","PIT","PIT"
20442,"OAK","OAK","OAK","OAK"
22807,"MIN","MIN","MIN",""
21385,"DAL","DAL","BAL",""
29619,"","","","MIA"
22912,"OAK","","MIA",""
25469,"KC","","",""
27734,"","","",""
30272,"","","",""
21156,"NO","","",""
26324,"SEA","SEA","",""
24834,"TB","","",""
29257,"","","","GB"
22828,"MIA","DEN","NE",""
23589,"DET","DET","",""
26186,"CIN","CIN","CIN","MIN"
21604,"CHI","CHI","CHI","CHI"
24322,"ARI","ARI","",""
25613,"CAR","CAR","",""
23596,"CHI","CHI","CHI","SEA"
28946,"","","","DEN"
26153,"CAR","CAR","CAR","CAR"
27008,"PIT","PIT","PIT","PIT"
29596,"","","","NE"
27872,"","HOU","HOU","HOU"
28066,"","","PIT","PIT"
29883,"","","",""
26232,"DET","DET","DET","DET"
27885,"","NYG","NYG","NYG"
28084,"","","WAS","WAS"
28137,"","","","KC"
20389,"DEN","DEN","DEN","KC"
23752,"STL","STL","DEN","NE"
27816,"","TEN","TEN",""
23502,"OAK","","",""
14655,"WAS","WAS","WAS",""
24294,"ATL","ATL","STL",""
26937,"STL","STL","STL","STL"
27883,"","MIA","MIA","MIA"
25524,"BAL","BAL","KC","SD"
27674,"","OAK","OAK","OAK"
3035,"CHI","CHI","",""
30052,"","","",""
20457,"NE","NE","",""
28024,"","","KC","KC"
9119,"","CIN","ATL",""
30475,"","","",""
27654,"","TB","TB","TB"
7308,"TEN","","",""
23918,"GB","GB","GB","GB"
25826,"DEN","SEA","WAS","WAS"
26027,"CAR","CAR","CAR",""
27868,"","TEN","TEN","TEN"
28008,"","","KC","KC"
10609,"CHI","CHI","CLE",""
25542,"CAR","CAR","DEN","SD"
27970,"","","GB",""
24392,"BUF","BUF","",""
28121,"","","","JAC"
21255,"SEA","","",""
27827,"","","","NYJ"
8241,"SEA","","",""
30392,"","","",""
19630,"NO","","",""
25486,"OAK","OAK","",""
29544,"","","","TEN"
30061,"","","",""
23210,"NO","NO","",""
22296,"BUF","","",""
27957,"","","NYG","NYG"
25496,"ATL","ATL","ATL","ATL"
27949,"","","HOU","HOU"
26272,"BUF","","",""
28116,"","","","WAS"
28555,"","","JAC",""
29441,"","","","OAK"
30287,"","","",""
27358,"","MIA","MIA",""
29276,"","","","CHI"
27717,"","","ATL","ATL"
28401,"","","","JAC"
28002,"","","GB","GB"
22900,"TB","PIT","PIT","PIT"
26371,"CLE","NYG","",""
30047,"","","",""
21941,"ARI","ARI","",""
23620,"ATL","ATL","ATL",""
29388,"","","","BAL"
27871,"","ATL","ATL","ATL"
28187,"","","ARI",""
25833,"PIT","TEN","TEN","TEN"
28830,"","","",""
24008,"STL","STL","",""
19593,"NE","","",""
25927,"ARI","","",""
29400,"","","","CAR"
29098,"","","",""
27092,"IND","IND","IND","IND"
21192,"SEA","SEA","NE","NE"
25527,"CLE","DET","DET","TB"
27945,"","","SF","SF"
22017,"SD","SD","SD","SD"
29412,"","","","PHI"
25415,"SF","SF","SF","SF"
28088,"","","CLE",""
23570,"","WAS","",""
27581,"","SD","CAR","SD"
26228,"","OAK","OAK",""
28043,"","","WAS","WAS"
29258,"","","","CIN"
22736,"STL","STL","STL","STL"
26486,"MIN","MIN","MIN","CAR"
26985,"GB","GB","GB","GB"
29722,"","","",""
25997,"IND","WAS","",""
26223,"TB","TB","TB","TB"
20463,"NYG","NYG","NYG",""
28434,"","","SEA","SEA"
29010,"","","",""
20516,"BAL","BAL","ARI","ARI"
27265,"","","NYG","NYG"
30259,"","","",""
21296,"CIN","","",""
27680,"","CHI","CHI","CHI"
24256,"ARI","ARI","ARI","TEN"
23486,"GB","GB","GB",""
27746,"","NYG","NYG",""
29108,"","","",""
27676,"","GB","GB","GB"
27187,"","","","IND"
29955,"","","",""
21983,"CHI","","",""
27167,"CLE","","",""
22839,"JAC","JAC","JAC","JAC"
24171,"NYJ","","",""
20368,"DEN","SEA","",""
19778,"NYG","NYG","NYG","NYG"
21184,"WAS","NO","",""
28064,"","","NYJ","NYJ"
28845,"","","","ATL"
25788,"SD","SD","SD",""
27020,"MIA","","",""
27677,"","BUF","BUF","BUF"
27737,"","DEN","","SF"
23579,"PHI","PHI","PHI","PHI"
22029,"TB","","",""
30414,"","","",""
27064,"IND","IND","IND","IND"
28540,"","","HOU",""
26625,"NE","NE","NE","ARI"
27037,"MIA","MIA","MIA","MIA"
19276,"NYG","NYG","",""
26188,"WAS","WAS","WAS","WAS"
27253,"","","","CLE"
29050,"","","","JAC"
22342,"NE","JAC","",""
29430,"","","","ATL"
24659,"","SD","",""
29645,"","","","PHI"
27982,"","","DET","DET"
27672,"","TB","TB","TB"
30068,"","","",""
29457,"","","","SD"
29066,"","","","CIN"
25460,"HOU","HOU","HOU","BAL"
27738,"","OAK","",""
30517,"","","",""
26240,"OAK","OAK","OAK","OAK"
30385,"","","",""
29708,"","","","TEN"
21181,"","OAK","",""
24588,"NYJ","NYJ","NYJ","NE"
25551,"CHI","TEN","TEN","TEN"
24311,"NYG","NYG","",""
20608,"NYG","SF","","NYG"
27051,"","","HOU","HOU"
26512,"","","","WAS"
6072,"KC","","",""
28110,"","","MIN",""
22147,"SF","SF","NO","SD"
26046,"DAL","CLE","",""
27670,"","STL","","WAS"
24824,"KC","","",""
26258,"HOU","HOU","","TEN"
27843,"","MIA","MIA","MIA"
30434,"","","",""
27286,"","DEN","DEN",""
27835,"","PHI","PHI","PHI"
30131,"","","",""
20107,"CLE","CLE","",""
26936,"CHI","IND","","TEN"
28862,"","","",""
30420,"","","",""
26167,"SD","SD","SD","SD"
24270,"CIN","CIN","CIN","CIN"
27322,"","BUF","BUF","BUF"
30089,"","","",""
29051,"","","","GB"
23622,"TEN","TEN","TB",""
26343,"KC","KC","KC","KC"
27618,"","WAS","WAS","WAS"
24765,"IND","CAR","",""
28076,"","","",""
26759,"","","PHI","PHI"
28107,"","","BUF","BUF"
23968,"TB","TB","TB","SD"
28087,"","","PHI","PHI"
27731,"","CIN","","CIN"
29159,"","","","SEA"
29601,"","","",""
25395,"ATL","ATL","IND","CIN"
27845,"","STL","STL","STL"
1,"JAC","","",""
19954,"CAR","TB","",""
23582,"JAC","","",""
27042,"KC","TB","",""
25931,"ARI","","",""
22906,"CLE","DET","DET","DET"
24515,"PHI","PHI","WAS","WAS"
29576,"","","","MIN"
26146,"NYJ","NYJ","",""
26012,"","BUF","",""
45,"DAL","PIT","",""
19596,"NE","NE","NE","NE"
29608,"","","","IND"
25414,"NO","NO","NO","SD"
19538,"ARI","ARI","ARI","SF"
29520,"","","","HOU"
26191,"WAS","","",""
30593,"","","",""
27309,"","","SEA",""
26335,"MIA","","NE","NE"
25753,"NYJ","NYJ","NE","BAL"
23633,"HOU","HOU","HOU","HOU"
27649,"","MIN","MIN","MIN"
21092,"BAL","DEN","STL","DEN"
26932,"","CIN","CIN","CIN"
28103,"","","BAL","BAL"
28133,"","","","CHI"
26981,"SEA","SEA","SEA","OAK"
28995,"","","","NYJ"
21340,"IND","SEA","SEA",""
29431,"","","",""
26216,"KC","","",""
27607,"","TB","TB","TB"
24559,"NYG","NYG","NYG","TB"
28706,"","","CLE","CAR"
23481,"MIA","CLE","JAC",""
19586,"SF","","",""
25877,"BUF","","",""
26315,"TB","TB","TB","CHI"
20972,"CLE","BAL","BAL","WAS"
26819,"TB","TB","",""
28093,"","","WAS","WAS"
29494,"","","","CHI"
15601,"ATL","","",""
27021,"NYG","NYG","",""
27353,"","","ARI","IND"
25570,"HOU","","",""
25583,"","","","JAC"
28146,"","","","NYJ"
28152,"","","HOU","HOU"
30518,"","","",""
11022,"PHI","WAS","MIN",""
27748,"","","","CLE"
22277,"DET","","",""
20678,"CIN","","",""
24692,"IND","IND","IND","NYJ"
26964,"","CIN","SEA","SEA"
26175,"KC","KC","KC","KC"
28532,"","","","NO"
19642,"","","NYJ","PIT"
20971,"HOU","","",""
25838,"NO","NO","NO","STL"
28169,"","","CAR","CAR"
19246,"CHI","HOU","",""
29384,"","","",""
26197,"MIA","MIA","MIA","JAC"
28090,"","","HOU","HOU"
21140,"CAR","CHI","CHI","CHI"
30512,"","","",""
28279,"","","","BAL"
29205,"","","","NO"
28352,"","","CHI","CHI"
27602,"","","","GB"
27188,"","PHI","PHI",""
9028,"CAR","CAR","NO",""
27798,"","PHI","",""
22388,"KC","KC","KC","KC"
28189,"","","TEN","TEN"
21279,"ATL","","",""
25451,"TB","TB","KC",""
29302,"","","",""
27135,"OAK","OAK","OAK","OAK"
27759,"","TB","TB",""
27220,"","BUF","BUF",""
28755,"","","OAK",""
19681,"CIN","","",""
25609,"BUF","","",""
27973,"","","CIN","CIN"
20491,"CAR","HOU","",""
13845,"ARI","ARI","",""
20348,"CLE","CLE","",""
25399,"BUF","SEA","SEA","SEA"
26158,"BAL","BAL","BAL","BAL"
28115,"","","WAS","WAS"
4161,"CAR","CLE","HOU",""
22341,"BUF","BUF","BUF","BUF"
25455,"TB","TB","TB","TB"
28767,"","","NE","NE"
10577,"TEN","","",""
26721,"CIN","CIN","PHI",""
27995,"","","","DET"
25418,"CHI","CHI","CAR","CAR"
26765,"","","","TEN"
27696,"","NO","NO","NO"
27875,"","GB","GB","GB"
26261,"SEA","SEA","SEA","SEA"
25513,"SF","SF","SF","SF"
29670,"","","","TB"
26214,"CAR","CAR","CAR","DAL"
20055,"SF","SF","",""
26256,"ARI","ARI","",""
27825,"","ARI","ARI","ARI"
21949,"OAK","OAK","OAK","BAL"
22421,"STL","SEA","BUF","BUF"
30490,"","","",""
29151,"","","",""
29329,"","","","KC"
21999,"SEA","DET","DET","DET"
26182,"DEN","DEN","DEN","SD"
27942,"","","CIN","CIN"
24219,"NYJ","NYJ","NYJ","NYJ"
27983,"","","DEN","DEN"
8124,"DET","","",""
25819,"","","CLE",""
29241,"","","","NE"
27763,"","PIT","","BUF"
27876,"","DEN","DEN","NYJ"
21959,"JAC","JAC","","WAS"
22851,"SF","","",""
24320,"DET","","",""
29673,"","","","HOU"
24204,"BUF","BUF","BUF","BUF"
25681,"SF","","",""
26325,"JAC","","",""
26532,"OAK","","OAK",""
27689,"","PHI","TB","TB"
30059,"","","",""
28958,"","","","STL"
24846,"OAK","","",""
30431,"","","",""
23543,"TEN","TEN","",""
27045,"OAK","OAK","OAK","OAK"
30470,"","","",""
27017,"NE","NE","CAR","IND"
29428,"","","",""
20495,"SF","SF","CIN","CIN"
28130,"","","ATL","ATL"
21503,"TEN","","STL",""
29417,"","","","HOU"
26905,"","CHI","CHI","CHI"
20528,"CLE","CLE","NO",""
25549,"PHI","PHI","PHI","PHI"
23331,"BAL","","MIN",""
26716,"CIN","CIN","DEN","JAC"
26057,"GB","","",""
26321,"CAR","CAR","CIN",""
24352,"DAL","SD","",""
26930,"GB","GB","GB","TEN"
26612,"JAC","","",""
22156,"DET","DET","HOU",""
27954,"","","WAS","WAS"
28870,"","","","STL"
19693,"CLE","","",""
25446,"CAR","CAR","CAR","CAR"
30402,"","","",""
28139,"","","SD",""
1231,"","WAS","",""
19537,"PIT","SD","",""
30277,"","","",""
28707,"","","",""
26224,"","ATL","ATL","ATL"
27086,"","NO","",""
26187,"PHI","PHI","PHI",""
27659,"","CAR","",""
25641,"OAK","","",""
22817,"KC","","",""
23728,"TB","SF","",""
28353,"","","",""
4472,"NYJ","TEN","",""
23180,"ATL","ATL","STL","STL"
24339,"NYG","NYG","WAS","WAS"
27794,"","HOU","",""
29561,"","","","BUF"
27786,"","PIT","PIT","PIT"
30147,"","","",""
23005,"","","MIN",""
23642,"TEN","CLE","","CLE"
27057,"NE","NE","CIN","CIN"
28025,"","","IND","IND"
30459,"","","",""
22918,"CIN","CIN","",""
26391,"JAC","SEA","SEA",""
19733,"TEN","","",""
27095,"TEN","TEN","TEN",""
26356,"DET","NE","NE",""
26960,"JAC","JAC","JAC",""
24418,"STL","","",""
29067,"","","",""
25445,"","MIA","MIA",""
23548,"TEN","TEN","TEN","TEN"
11626,"BUF","BUF","BUF","DAL"
30491,"","","",""
28174,"","","MIN","MIN"
29000,"","","","DAL"
27775,"","TEN","","TEN"
21504,"PHI","","",""
29675,"","","","CLE"
28574,"","","TB",""
30224,"","","",""
27349,"","ARI","",""
27715,"","NYG","",""
26951,"PHI","PHI","PHI","IND"
23457,"BAL","STL","STL",""
28863,"","","",""
24277,"IND","CHI","CHI","CHI"
24463,"SEA","SEA","SEA","SEA"
25532,"CIN","JAC","JAC","WAS"
26385,"MIA","MIA","BUF",""
27104,"DET","","",""
23252,"CHI","CHI","CHI","CHI"
21147,"","BAL","WAS","NE"
27758,"","PHI","PHI","PHI"
28142,"","","DEN","DEN"
22216,"CHI","DET","",""
27416,"","DAL","DAL","DAL"
23455,"DAL","DAL","DAL","DAL"
26647,"","","NYJ",""
27083,"DEN","DEN","DEN","DEN"
29269,"","","","CLE"
22145,"CLE","","CLE",""
23008,"BAL","BAL","BAL","SD"
28075,"","","CLE","CLE"
22842,"MIN","MIN","SF","WAS"
26912,"JAC","JAC","JAC","JAC"
23558,"STL","STL","STL",""
27686,"","ATL","ATL","ATL"
28984,"","","",""
19714,"OAK","OAK","OAK","OAK"
21484,"IND","IND","IND",""
27107,"BUF","CAR","",""
22350,"IND","KC","KC","KC"
27464,"","","IND",""
24422,"GB","GB","NYG","NE"
26169,"SF","SEA","",""
28416,"","","","JAC"
16919,"IND","IND","IND","IND"
25471,"STL","DET","",""
26345,"IND","IND","IND","WAS"
24260,"TEN","","",""
24387,"WAS","WAS","WAS","WAS"
24750,"CHI","CHI","CHI","CHI"
27708,"","","","BUF"
24434,"NE","","",""
30424,"","","",""
27031,"ATL","ATL","ATL","ATL"
27946,"","","TEN","TEN"
29270,"","","","CAR"
5150,"MIA","","",""
29795,"","","",""
27980,"","","HOU","HOU"
24323,"NO","NO","NO","NO"
23469,"CLE","NYJ","NYJ",""
27040,"DEN","DEN","",""
27882,"","NO","NO","NO"
23514,"CIN","","PHI","PHI"
25864,"BUF","BUF","",""
22746,"MIN","MIN","",""
21915,"NE","CLE","",""
23958,"CIN","CIN","CIN","DAL"
21989,"NE","","","DEN"
23454,"STL","DAL","",""
25402,"PIT","PIT","PIT","PIT"
30565,"","","",""
10500,"BAL","BAL","NYJ",""
22979,"NE","NE","NE","NE"
21982,"TEN","TEN","",""
23523,"NYJ","NYJ","NYJ","NYJ"
24308,"","","SEA",""
26300,"TB","TB","TB","CLE"
26877,"KC","","",""
27539,"","","","BAL"
26921,"IND","IND","",""
23199,"DEN","","",""
26123,"CLE","CLE","CLE","SEA"
22796,"STL","STL","",""
26753,"CAR","CAR","","SEA"
29621,"","","","STL"
26672,"IND","NO","NO","NO"
27609,"","CHI","CHI","CHI"
20492,"BUF","BUF","",""
24234,"SD","NYJ","NYJ","NYJ"
28091,"","","NYJ","NYJ"
30046,"","","",""
10072,"MIN","MIN","MIN",""
26320,"WAS","WAS","",""
27793,"","PIT","PIT","PIT"
30071,"","","",""
21992,"HOU","HOU","",""
26257,"PHI","HOU","HOU","HOU"
21213,"NE","SEA","",""
22094,"","","DAL",""
26033,"KC","KC","ATL","ATL"
21976,"KC","WAS","MIA",""
28509,"","","TB",""
26669,"IND","SF","JAC",""
29654,"","","","SF"
23288,"","MIA","",""
26390,"","CAR","","DAL"
27004,"BUF","BUF","BUF","BUF"
28039,"","","CIN","CIN"
5113,"NYG","","",""
28011,"","","NE","NE"
23920,"CIN","CIN","","CIN"
26206,"MIA","MIA","MIA","STL"
27880,"","DET","DET",""
29316,"","","","PIT"
30533,"","","",""
29597,"","","","BAL"
4541,"GB","GB","GB","GB"
26138,"TB","TB","TB","TB"
26285,"","","CAR",""
29987,"","","",""
27308,"","KC","KC",""
24287,"KC","KC","KC","PIT"
27150,"NE","NE","NE","NE"
23482,"TB","CIN","CIN","CIN"
26281,"CAR","CAR","","CAR"
27939,"","","CAR","CAR"
27050,"DET","DET","DET","DET"
21755,"TB","TB","TB",""
20494,"WAS","WAS","WAS","WAS"
18613,"OAK","BUF","",""
22141,"CIN","","",""
27854,"","STL","STL","STL"
29418,"","","",""
29678,"","","","PIT"
21994,"BUF","BUF","BUF","DET"
25970,"CHI","CHI","CHI",""
14071,"SF","","",""
21951,"BUF","BUF","BUF","BUF"
24245,"IND","IND","IND",""
27978,"","","DAL","DAL"
27806,"","STL","STL",""
27878,"","MIA","MIA","MIA"
28601,"","","","OAK"
27033,"BAL","BAL","BAL","BAL"
23790,"TB","DET","",""
26162,"DAL","DAL","DAL","DAL"
27073,"STL","STL","STL",""
29570,"","","","NE"
30566,"","","",""
24347,"CIN","","",""
26911,"","BAL","CAR","CAR"
28736,"","","","ARI"
30194,"","","",""
25423,"PHI","PHI","ARI","ARI"
27081,"HOU","HOU","HOU","HOU"
20384,"DET","SF","",""
26868,"","KC","",""
27204,"","","CLE","CLE"
29946,"","","",""
27819,"","HOU","","BUF"
28063,"","","OAK","OAK"
30539,"","","",""
19127,"WAS","","",""
28307,"","","","ATL"
24408,"OAK","OAK","CIN","CIN"
27148,"","MIA","",""
29668,"","","","IND"
28052,"","","JAC","JAC"
29542,"","","","BUF"
30073,"","","",""
24231,"MIA","MIA","HOU","CIN"
20531,"NO","NO","NO","NO"
22173,"OAK","","",""
23467,"NE","NE","NE","NE"
26491,"PIT","DET","DET","DET"
27102,"DEN","","",""
27507,"","","TEN",""
28600,"","","GB","GB"
26578,"","PHI","PHI","PHI"
28045,"","","SEA","DET"
24448,"WAS","WAS","WAS","WAS"
26928,"CIN","CIN","JAC",""
27060,"BAL","BAL","BAL","BAL"
28032,"","","NYJ","NYJ"
22119,"PIT","PIT","PIT","PIT"
24218,"TEN","TEN","PHI",""
26997,"CLE","CLE","CLE","CLE"
29694,"","","",""
24061,"GB","GB","GB","GB"
22824,"SF","SF","SF","SF"
20337,"CAR","CAR","CAR","CAR"
21451,"PHI","PHI","PHI","PHI"
27888,"","MIN","MIN","MIN"
28086,"","","OAK","OAK"
27583,"","","CAR","CAR"
20995,"SEA","","",""
27087,"","DAL","",""
19646,"OAK","OAK","OAK","OAK"
27038,"TEN","TEN","TEN","TEN"
30460,"","","",""
24805,"BUF","","",""
30112,"","","",""
18351,"WAS","","",""
25728,"WAS","WAS","",""
27831,"","IND","IND","IND"
24663,"CAR","SD","",""
28079,"","","GB","GB"
25866,"","","NE","NE"
26291,"","TB","TB",""
23016,"OAK","BUF","BUF","BUF"
25995,"IND","CAR","CAR","CAR"
26993,"TB","TB","TB","TB"
23518,"CIN","","",""
30092,"","","",""
20260,"CHI","CHI","CHI","CHI"
24398,"DET","","",""
25631,"ATL","ATL","ATL","ATL"
26996,"DET","DET","DET","DET"
6305,"GB","","",""
15194,"WAS","WAS","",""
22009,"SF","GB","",""
29588,"","","","CIN"
24394,"CLE","CLE","HOU","DAL"
27501,"","JAC","TB","TB"
27062,"ATL","ATL","ATL","ATL"
11754,"NE","TEN","","SF"
29314,"","","","CLE"
27678,"","MIA","MIA","MIA"
29999,"","","",""
17162,"PIT","PIT","PIT",""
30563,"","","",""
27276,"","DEN","",""
29697,"","","","IND"
26855,"","ATL","ATL","ATL"
27768,"","","GB","GB"
27781,"","","","NO"
12485,"CHI","","",""
24304,"HOU","HOU","",""
29297,"","","",""
23590,"DAL","DAL","DAL","DAL"
24178,"NYG","STL","",""
24530,"BAL","","",""
29607,"","","","NYJ"
29183,"","","",""
25708,"CAR","CAR","MIA","MIA"
23904,"","","NYJ","NYJ"
27941,"","","BUF","BUF"
30102,"","","",""
26001,"CLE","CLE","CLE",""
28160,"","","TB","TB"
25391,"TB","","",""
27925,"","","","NE"
26914,"","PHI","PHI","PHI"
30558,"","","",""
28445,"","","","SEA"
25407,"NYG","NYG","NYG","JAC"
25430,"DET","DET","",""
25955,"MIN","MIN","",""
29240,"","","",""
22855,"SEA","SEA","WAS","NYG"
27028,"","DEN","",""
30527,"","","",""
22844,"PHI","TB","TB",""
30050,"","","",""
26334,"PIT","PIT","PIT","PIT"
23476,"TEN","TEN","TEN","TEN"
27838,"","NE","NE","NE"
29266,"","","","CLE"
28155,"","","WAS",""
26771,"DET","","",""
23740,"KC","KC","KC","KC"
26961,"","CHI","CHI","CHI"
21383,"MIN","MIN","BAL","BAL"
27134,"IND","","IND",""
24373,"CHI","HOU","NE","BUF"
25525,"OAK","SEA","",""
25902,"TB","TB","TB","NO"
26227,"DET","DET","DET","DET"
29587,"","","","MIN"
25416,"BAL","BAL","BAL","NO"
20536,"SD","NYJ","NYJ",""
27378,"","SF","SEA","SEA"
27920,"","","MIN",""
21570,"SD","JAC","JAC","DET"
27014,"CIN","CIN","CIN","CIN"
26230,"CHI","CHI","",""
27791,"","GB","GB","GB"
22177,"TB","PIT","","PIT"
22778,"NO","NO","NO","NO"
24286,"PHI","CLE","CLE",""
27145,"IND","IND","IND","IND"
30428,"","","",""
26248,"","WAS","WAS","WAS"
24262,"GB","GB","ARI","ARI"
26906,"TB","TB","BUF","BUF"
25405,"CIN","CIN","CIN","CIN"
21647,"ARI","","KC",""
27666,"","","CLE","CLE"
22089,"JAC","JAC","",""
26013,"","DAL","",""
28166,"","","CHI",""
26211,"BAL","BAL","SF","SF"
19310,"BUF","BUF","BUF","BUF"
29155,"","","","JAC"
23619,"","NE","",""
25951,"MIN","NYG","","TEN"
29004,"","","","DAL"
30425,"","","",""
27695,"","KC","","KC"
30127,"","","",""
26979,"STL","STL","STL","NYJ"
22218,"ATL","ATL","DET","DET"
23903,"SEA","NYJ","",""
24399,"MIA","MIA","MIA",""
26373,"SEA","SEA","SEA","HOU"
29688,"","","","KC"
24268,"MIA","MIA","MIA","MIA"
25476,"NYG","","",""
29349,"","","","ARI"
30572,"","","",""
27034,"NE","NE","NE","NE"
26947,"","","SEA",""
27010,"NE","NE","NE","NE"
3739,"DET","","",""
25872,"IND","IND","PHI",""
28201,"","","WAS","OAK"
25605,"HOU","HOU","TB","TEN"
24315,"SF","SEA","SEA","SEA"
27032,"IND","IND","IND","IND"
25630,"CIN","CIN","CIN","CIN"
25552,"MIN","MIN","MIN","DAL"
27130,"CLE","WAS","",""
27624,"","","NYJ","IND"
24405,"","JAC","JAC","JAC"
24258,"NO","NO","NO","NO"
28678,"","","","TB"
27855,"","DET","DET","DET"
29294,"","","","BAL"
29672,"","","","DET"
29770,"","","",""
28876,"","","","TEN"
28171,"","","","IND"
23496,"SD","SD","SD","TB"
25433,"PIT","PIT","PIT","PIT"
29311,"","","",""
28292,"","","NYJ","NYJ"
22999,"GB","GB","GB","GB"
22837,"CHI","CHI","SD",""
23788,"NO","","",""
28202,"","","","KC"
29201,"","","","GB"
30388,"","","",""
12333,"ARI","","",""
25490,"NE","","","JAC"
28003,"","","CAR",""
28267,"","","MIN","MIN"
26157,"DET","DET","DET","DET"
26571,"","KC","KC",""
26205,"STL","STL","","CLE"
25612,"MIA","MIA","MIA","MIA"
23251,"NO","","",""
20199,"JAC","","",""
22867,"CIN","CIN","CIN","CIN"
22928,"PIT","CIN","",""
27116,"DAL","JAC","",""
26190,"ARI","ARI","ARI","ARI"
29615,"","","","MIA"
23445,"DAL","DAL","DAL","DAL"
28606,"","","",""
27608,"","SF","SF","SF"
24261,"BUF","","",""
26788,"GB","SD","",""
23797,"NYG","STL","",""
28942,"","","","DEN"
24278,"SEA","PHI","PHI","PHI"
25565,"DAL","NYJ","NYJ","NYJ"
30128,"","","",""
23362,"PIT","PIT","PIT",""
27713,"","NE","NE","NE"
24403,"NYJ","NYJ","JAC",""
27862,"","JAC","JAC","JAC"
20467,"MIA","","MIA",""
23459,"GB","GB","GB","GB"
24813,"NO","NO","NO","NO"
20524,"OAK","NE","NE",""
26727,"ARI","ARI","ARI","ARI"
30547,"","","",""
27297,"","","","NYJ"
24359,"CLE","PHI","DET",""
585,"DEN","DEN","DEN","DEN"
25602,"ARI","ARI","",""
28010,"","","NO","NO"
29854,"","","",""
25999,"SEA","SEA","SEA","NO"
23463,"SD","SD","SD",""
27401,"","CAR","",""
27787,"","STL","STL","STL"
24301,"NO","NO","NO","NO"
28144,"","","BUF","BUF"
2655,"NO","NO","",""
25483,"NO","NO","",""
30294,"","","",""
28092,"","","SEA","SEA"
23219,"HOU","","HOU",""
9323,"MIN","MIN","MIN",""
24273,"CAR","CAR","ARI","MIA"
25448,"JAC","JAC","",""
19706,"NYG","STL","STL",""
22169,"SD","SD","SD","SD"
25388,"OAK","","",""
27009,"DET","DET","DET","DET"
22414,"SD","SD","SD","SD"
22726,"","","KC",""
29491,"","","","DAL"
26194,"TEN","TEN","TEN","SEA"
21525,"DET","","",""
27442,"","GB","GB","GB"
28493,"","","","PHI"
23136,"ATL","","",""
26145,"KC","KC","KC","KC"
26243,"TEN","TEN","TEN","STL"
25660,"GB","GB","GB","GB"
30318,"","","",""
23443,"ARI","NYG","NYG","NYG"
30348,"","","",""
23487,"OAK","OAK","OAK","OAK"
29681,"","","","STL"
25516,"","DAL","BUF","BUF"
30400,"","","",""
26276,"CAR","IND","",""
21756,"DET","DET","DET","DET"
22786,"ARI","ARI","",""
28061,"","","BAL","BAL"
30520,"","","",""
25523,"IND","IND","JAC",""
26990,"NO","NO","NO","NO"
26294,"ATL","ATL","ATL","ATL"
22427,"NE","NE","NE","NE"
23452,"","SEA","SEA",""
27725,"","PHI","PHI","PHI"
25432,"CAR","CAR","",""
21927,"BAL","","",""
25503,"NYG","NYG","NYG","NYG"
29531,"","","","ARI"
26607,"JAC","JAC","JAC",""
25441,"DET","DET","NO","NO"
27557,"","BAL","","BAL"
18605,"BAL","","",""
27958,"","","TB","TB"
19710,"CLE","","",""
26804,"","TB","",""
27736,"","KC","KC","KC"
29690,"","","","STL"
28488,"","","DAL","DAL"
29253,"","","","CLE"
26790,"CAR","CAR","",""
26899,"NYJ","NYJ","NYJ","NYJ"
24279,"MIN","MIN","SEA",""
24483,"WAS","DEN","","ARI"
27905,"","","SF","SF"
30521,"","","",""
26554,"","","TEN",""
26994,"DEN","DEN","DEN","DEN"
29580,"","","","MIA"
23441,"","CIN","CIN","CIN"
27998,"","","HOU","HOU"
26957,"PIT","PIT","PIT",""
23316,"CLE","CLE","CLE","CLE"
28458,"","","CLE",""
19724,"SF","","",""
18957,"","KC","",""
26219,"HOU","HOU","NE","JAC"
26562,"PIT","","",""
26901,"PIT","PIT","PIT","PIT"
5322,"WAS","WAS","WAS","WAS"
24276,"DEN","DET","DET","DET"
29975,"","","",""
28932,"","","","CLE"
26358,"","DET","",""
26617,"JAC","","",""
27966,"","","NO","NO"
19699,"KC","","",""
19484,"NE","NE","DAL",""
24266,"","MIN","","DAL"
26357,"GB","GB","SF",""
19281,"CLE","","",""
23894,"TB","TB","TB","TB"
29643,"","","","HOU"
27612,"","","MIN",""
30523,"","","",""
25825,"TEN","TEN","TEN","TEN"
27402,"","CAR","CAR","CAR"
28022,"","","TB","TB"
27881,"","IND","IND","IND"
27984,"","","DEN","DEN"
28825,"","","OAK","OAK"
29052,"","","","JAC"
27239,"","","PIT",""
13282,"BAL","NYJ","",""
22167,"CIN","CIN","CIN","CIN"
21746,"WAS","","",""
20664,"","SD","",""
22539,"OAK","OAK","OAK","OAK"
23533,"SEA","","SEA","SEA"
25511,"SEA","BUF","",""
27714,"","BAL","BAL","BAL"
27754,"","ARI","ARI","ARI"
26241,"STL","STL","STL","IND"
23645,"CLE","ARI","CAR","CAR"
27131,"STL","","",""
22814,"TEN","TEN","TEN",""
27154,"KC","KC","KC","KC"
27347,"","ARI","",""
3874,"WAS","WAS","",""
15474,"SF","SF","SD","SD"
27202,"","ATL","ATL","ATL"
21096,"DET","","",""
25502,"","TEN","TEN","TEN"
28053,"","","SF","SF"
26581,"","GB","GB","GB"
21178,"HOU","SEA","",""
26796,"HOU","HOU","HOU","HOU"
25569,"TB","TB","TB","TB"
22613,"HOU","","",""
26340,"PHI","DEN","DEN","DEN"
27685,"","PIT","PIT","PIT"
29265,"","","","DET"
20478,"KC","","",""
28251,"","","NE","NE"
23621,"NYG","DET","JAC",""
27770,"","ATL","ATL",""
24697,"IND","IND","IND",""
22838,"NYG","NYG","NYG","NYG"
25521,"BAL","SD","SD","SD"
30085,"","","",""
21225,"HOU","HOU","JAC",""
22397,"HOU","HOU","BAL","BAL"
27813,"","WAS","WAS",""
30196,"","","",""
28595,"","","",""
26303,"SEA","PHI","PHI","OAK"
25479,"BUF","JAC","","PHI"
22100,"TEN","TEN","",""
27664,"","GB","GB","GB"
7611,"DEN","WAS","ARI","ARI"
25582,"DAL","","",""
26968,"KC","KC","KC","KC"
29543,"","","","KC"
29657,"","","","NO"
27059,"MIA","NYJ","NYJ","NYJ"
23177,"OAK","OAK","OAK","OAK"
25824,"NO","NO","","NO"
16112,"MIA","NYJ","MIA",""
25573,"","NE","CLE",""
26784,"GB","","GB","GB"
27829,"","IND","IND","IND"
29604,"","","","WAS"
10373,"SEA","SEA","CAR","CHI"
23480,"SEA","SEA","",""
25714,"","PHI","",""
26579,"CHI","","CHI","NYJ"
22954,"ARI","ARI","DET","DET"
26319,"BUF","","",""
28096,"","","IND",""
27431,"","","BUF","STL"
23880,"NE","","STL",""
24248,"HOU","HOU","HOU","PHI"
27805,"","TB","TB","TB"
23013,"","","SEA","SEA"
30574,"","","",""
30164,"","","",""
28124,"","","GB","GB"
25447,"OAK","OAK","OAK","IND"
26008,"NYJ","NYJ","NYJ","STL"
24465,"HOU","HOU","WAS",""
25555,"CHI","CHI","CHI","BAL"
28278,"","","","BAL"
27967,"","","","CHI"
23560,"PHI","PHI","PHI","PHI"
26233,"IND","IND","IND","OAK"
26260,"CHI","CHI","CHI","CHI"
27788,"","OAK","","OAK"
22554,"IND","","",""
27766,"","IND","",""
28309,"","","","CLE"
18503,"HOU","","",""
22921,"ARI","ARI","ARI","ARI"
27098,"NYG","ATL","",""
27063,"SEA","SEA","SEA",""
21175,"HOU","","",""
24460,"WAS","SEA","",""
28151,"","","WAS",""
22764,"MIA","","",""
27237,"","NE","NE",""
24529,"IND","IND","",""
26407,"BAL","BAL","BAL","BAL"
23108,"ARI","ARI","STL",""
21153,"OAK","","",""
23287,"NYJ","NYJ","NYJ","DEN"
18926,"ATL","","",""
29528,"","","","ARI"
26831,"NE","","",""
29878,"","","",""
30449,"","","",""
24815,"JAC","JAC","",""
25412,"CAR","CAR","CAR","CAR"
26372,"ATL","","",""
25980,"","","NO","NO"
29250,"","","","CHI"
29336,"","","",""
16960,"KC","KC","",""
26054,"TEN","","",""
5091,"NE","NE","NE",""
21083,"SEA","","",""
27963,"","","SEA","SEA"
29568,"","","","DEN"
27989,"","","TB","TB"
28792,"","","","ATL"
28167,"","","CAR",""
26493,"","NYJ","NYJ","NYJ"
29493,"","","",""
26213,"KC","KC","KC","KC"
30062,"","","",""
28263,"","","","DAL"
29284,"","","","GB"
30070,"","","",""
25440,"CLE","CLE","DET","TB"
25834,"PIT","","",""
27965,"","","BAL","BAL"
21960,"TB","NO","",""
26933,"WAS","","",""
29312,"","","","NYG"
30072,"","","",""
24316,"DET","","",""
30548,"","","",""
23460,"WAS","OAK","OAK","CHI"
24673,"KC","SD","",""
24517,"WAS","WAS","","WAS"
27840,"","CAR","","ATL"
22046,"SEA","SEA","SEA","SEA"
25627,"SD","SD","","KC"
22581,"MIN","MIN","MIN","MIN"
23742,"SEA","SEA","SEA","SEA"
29391,"","","",""
30505,"","","",""
25697,"NYJ","CLE","MIA","MIA"
23663,"ARI","ARI","ARI",""
6101,"ATL","ATL","ATL","ATL"
22910,"BUF","BUF","BAL",""
27904,"","OAK","OAK","OAK"
21149,"WAS","WAS","TB",""
22895,"MIA","JAC","",""
23450,"SD","SD","",""
26593,"STL","NO","",""
28344,"","","CHI",""
27892,"","IND","IND","IND"
25574,"","CHI","CHI","CHI"
26498,"DET","DET","DET","DET"
27069,"","CIN","","ATL"
25517,"CHI","","",""
22915,"DAL","DAL","MIA",""
28143,"","","SEA","TB"
20506,"KC","","",""
27191,"","CIN","",""
26330,"CLE","CLE","CLE","CLE"
26501,"SF","SF","",""
9056,"TEN","","",""
22858,"","WAS","WAS",""
22924,"PIT","PIT","PIT","PIT"
25427,"","","WAS",""
27133,"NE","NE","",""
27950,"","","MIN","MIN"
23498,"TB","SEA","SEA",""
27799,"","CAR","CAR","WAS"
27895,"","","IND",""
28191,"","","WAS",""
27918,"","","CIN","CIN"
30463,"","","",""
29432,"","","",""
25495,"MIA","MIA","MIA","MIA"
23176,"CLE","CLE","CLE","CLE"
121,"WAS","","",""
27750,"","","",""
24223,"BUF","BUF","SF","SF"
25398,"SF","SF","SF","SF"
23299,"KC","","",""
29310,"","","",""
7681,"JAC","","",""
24342,"MIN","MIN","ATL","ATL"
29553,"","","","NYJ"
23847,"NO","NO","NO",""
24081,"","","CLE",""
29214,"","","",""
25579,"GB","GB","GB",""
26453,"KC","","",""
29646,"","","","NE"
27974,"","","SF","SF"
21970,"BUF","","",""
26199,"IND","IND","IND",""
22876,"NO","","",""
26149,"CIN","CIN","","NYG"
29677,"","","","CLE"
20245,"PHI","PHI","PHI","PHI"
28095,"","","DET","DET"
28871,"","","","STL"
21236,"STL","SD","SD","SD"
24221,"SF","SF","SF","SF"
27214,"","WAS","DET","WAS"
28031,"","","CHI","CHI"
26349,"GB","GB","GB","SEA"
23074,"STL","","",""
26144,"OAK","OAK","OAK","OAK"
21995,"BUF","BUF","BUF","BUF"
26193,"PIT","","",""
21143,"CIN","CIN","",""
22922,"TB","TB","TB","NE"
29299,"","","",""
25701,"KC","KC","KC","SD"
26995,"PHI","PHI","PHI","PHI"
28954,"","","","PIT"
26935,"HOU","HOU","HOU","HOU"
26249,"","PHI","CIN","IND"
28795,"","","",""
28924,"","","","CLE"
27140,"STL","","HOU","CLE"
24257,"CHI","CHI","HOU","HOU"
29211,"","","","GB"
26539,"WAS","","",""
26003,"MIA","MIA","MIA","MIA"
27783,"","SEA","SEA","SEA"
30107,"","","",""
27682,"","","SD","SD"
21215,"BUF","","",""
19632,"OAK","OAK","OAK","OAK"
23682,"BUF","BUF","BUF","BUF"
27469,"","","IND","IND"
19940,"PIT","PIT","PIT",""
26309,"OAK","OAK","OAK","NE"
25466,"JAC","JAC","STL",""
27019,"CAR","CAR","SD",""
29170,"","","",""
30502,"","","",""
23544,"DAL","DAL","CHI",""
28156,"","","GB","GB"
19650,"DET","","",""
26958,"","TEN","",""
30577,"","","",""
28651,"","","","STL"
21488,"DAL","DAL","DAL","PHI"
27929,"","","","OAK"
21157,"NYJ","MIN","OAK",""
25622,"NYJ","CLE","ARI",""
29529,"","","","TEN"
25996,"IND","","",""
22001,"PHI","MIA","",""
26408,"","","IND","IND"
6800,"DET","DET","DET","DET"
30386,"","","",""
26174,"WAS","WAS","NYG",""
29614,"","","","STL"
27257,"","STL","","JAC"
27752,"","JAC","JAC","JAC"
27774,"","CAR","CAR","CAR"
25642,"PHI","","",""
27744,"","MIA","MIA","MIA"
21684,"SEA","SEA","",""
25397,"HOU","HOU","CHI","CHI"
27796,"","MIN","MIN","MIN"
22288,"ARI","ARI","",""
29560,"","","","CIN"
28836,"","","","SF"
28996,"","","","WAS"
23528,"PIT","PIT","PIT","IND"
29566,"","","","TEN"
26664,"","GB","GB","GB"
4073,"DEN","DEN","DEN",""
22178,"BAL","BAL","DEN","DEN"
22890,"MIA","MIA","MIA",""
30078,"","","",""
29707,"","","","JAC"
28211,"","","","IND"
30395,"","","",""
26015,"","","STL",""
20445,"DET","DET","DET","DET"
22737,"SD","SD","SD","SD"
23563,"DET","","DET",""
25534,"SF","SF","SF","SF"
27884,"","","","BAL"
28660,"","","DAL","DAL"
1545,"","JAC","",""
22038,"NE","NE","",""
27025,"SEA","","SEA","SEA"
24413,"IND","IND","MIN","MIN"
24417,"BAL","BAL","BAL","BAL"
21229,"ATL","ATL","NYG",""
27405,"","CIN","",""
26220,"JAC","","",""
29318,"","","","BUF"
29408,"","","","GB"
26952,"MIN","MIN","MIN","MIN"
26992,"SD","SD","SD","SD"
26757,"MIA","SD","SD",""
6915,"GB","MIA","STL",""
26956,"ARI","ARI","ARI","ARI"
27352,"","ARI","",""
27698,"","TEN","",""
27726,"","DAL","JAC",""
18925,"SF","SF","",""
27084,"DET","DET","DET","DET"
26165,"DAL","DAL","DAL","DAL"
22171,"BAL","SD","",""
20286,"KC","KC","","CAR"
28042,"","","TB","TB"
20006,"NYG","","",""
28062,"","","CLE","CLE"
25506,"GB","","",""
27972,"","","BUF","BUF"
21901,"ATL","","",""
24335,"CHI","CAR","",""
30443,"","","",""
19629,"CIN","CIN","CIN","BAL"
29087,"","","","TB"
25420,"ARI","ARI","SEA","SEA"
27722,"","","PHI",""
28357,"","","CHI","CHI"
29204,"","","","JAC"
26389,"WAS","WAS","",""
27667,"","","NYJ","NYJ"
28420,"","","JAC","JAC"
24233,"DAL","MIA","DET","NE"
26100,"JAC","","",""
30528,"","","",""
29145,"","","","TB"
29146,"","","","SEA"
23310,"NO","NO","NO","NO"
25435,"JAC","JAC","DET","DET"
24598,"SEA","","",""
25413,"DAL","DAL","DAL","DAL"
25465,"GB","GB","GB","GB"
29033,"","","",""
29215,"","","","CIN"
30448,"","","",""
24188,"KC","","",""
20462,"DEN","","",""
24247,"NYG","NYG","NYG","NYG"
28108,"","","MIN","MIN"
30540,"","","",""
25529,"ARI","ARI","KC","KC"
27011,"STL","STL","STL","STL"
29134,"","","","TEN"
29175,"","","",""
21194,"DEN","DEN","DEN",""
27362,"","IND","",""
30060,"","","",""
1980,"HOU","SD","",""
23614,"CAR","CHI","DET","JAC"
26355,"BAL","","",""
29227,"","","",""
29252,"","","","BAL"
21267,"NO","NO","SF","SF"
22832,"GB","GB","GB","STL"
28208,"","","PIT",""
29130,"","","","GB"
26184,"CHI","CHI","CHI","CHI"
27821,"","","WAS",""
28903,"","","","SF"
22696,"CIN","CIN","",""
28023,"","","BAL","BAL"
28270,"","","PIT","IND"
29665,"","","","WAS"
27076,"JAC","JAC","JAC","JAC"
30088,"","","",""
27727,"","SEA","",""
27755,"","BAL","BAL","BAL"
28930,"","","","CLE"
25567,"KC","","",""
26381,"CAR","CAR","",""
27159,"WAS","WAS","",""
22059,"IND","IND","IND","IND"
26929,"","","","HOU"
24103,"JAC","JAC","JAC","JAC"
28345,"","","","IND"
9530,"NO","NO","",""
23464,"IND","","",""
27801,"","CAR","",""
22158,"NYJ","SD","NYJ",""
25610,"","","TEN","TEN"
27735,"","ATL","ATL","ATL"
23468,"SF","SF","NYG","NYG"
29638,"","","","ARI"
29676,"","","","DAL"
27097,"","SD","","SD"
7213,"CLE","","",""
27655,"","BUF","BUF",""
26939,"ARI","ARI","",""
26279,"","WAS","WAS","NYG"
27201,"","GB","",""
29423,"","","","ATL"
25749,"","ARI","ARI",""
28065,"","","","HOU"
23679,"STL","STL","STL","BAL"
30486,"","","",""
24284,"","","SEA","SEA"
27355,"","MIA","NO","MIA"
27828,"","SEA","",""
27542,"","BUF","",""
26815,"GB","","",""
27068,"","TB","","MIN"
28038,"","","BUF","BUF"
29525,"","","","SD"
26225,"TEN","TEN","TEN","TEN"
26502,"","SF","SF","SF"
27693,"","NE","NE",""
23363,"CAR","CAR","",""
22878,"","TEN","KC",""
21227,"ATL","ATL","SF",""
22805,"MIA","MIA","MIA","MIA"
26286,"DET","DET","IND","MIN"
22040,"NO","NO","NO","NO"
23639,"MIA","MIA","MIN",""
22067,"MIA","MIA","MIA","NYJ"
22250,"PIT","","",""
24356,"CIN","CIN","CIN","PIT"
30063,"","","",""
29308,"","","","SEA"
24427,"JAC","","",""
25719,"PHI","PHI","PHI","PHI"
24333,"NE","NE","NE","NE"
28362,"","","","TEN"
29415,"","","","HOU"
27503,"","GB","STL","IND"
22913,"NYJ","","",""
26168,"SEA","DET","DET","DET"
27709,"","OAK","OAK",""
20301,"DEN","DEN","",""
30300,"","","",""
25561,"BAL","SF","",""
29530,"","","","ARI"
21929,"GB","GB","CIN",""
27704,"","WAS","WAS","WAS"
22090,"OAK","OAK","",""
29273,"","","","SEA"
30584,"","","",""
24314,"PHI","PHI","",""
25786,"GB","PIT","PIT",""
27123,"ATL","ATL","ATL",""
23648,"TEN","DEN","DEN","DEN"
27054,"WAS","WAS","WAS",""
21246,"DET","PIT","PIT","PIT"
29585,"","","","NE"
23593,"NYG","NYG","NYG","NYG"
25589,"KC","IND","",""
1263,"BAL","BAL","BAL","BAL"
22766,"DAL","SD","SD",""
28409,"","","JAC","GB"
23465,"PIT","PIT","PIT","PIT"
26331,"","BUF","",""
29419,"","","","PHI"
22942,"SD","SD","SD","SD"
24235,"KC","KC","KC","KC"
27261,"","NYG","",""
27195,"","","DEN","NO"
29212,"","","","DET"
28177,"","","",""
27313,"","NYG","",""
30282,"","","",""
26830,"","HOU","STL",""
29479,"","","","CIN"
24349,"NE","NE","NE","NE"
26159,"CAR","","CAR",""
27029,"PHI","PHI","PHI","PHI"
27985,"","","STL","STL"
27718,"","HOU","HOU","HOU"
29669,"","","","NE"
17915,"MIA","MIA","BAL",""
27962,"","","NO","NO"
29407,"","","","NYG"
27777,"","BUF","BUF","BUF"
28895,"","","","IND"
28036,"","","CAR",""
28943,"","","","DEN"
27189,"","TB","",""
22409,"SEA","SEA","TEN","TEN"
25470,"CAR","CAR","CAR","CAR"
741,"TB","TB","TB","TB"
27889,"","PIT","PIT","PIT"
30530,"","","",""
4505,"BUF","","",""
23613,"GB","","",""
10634,"NO","","",""
23313,"OAK","DET","DET",""
21185,"SF","STL","",""
28035,"","","CAR","CAR"
28118,"","","BAL","BAL"
22049,"DAL","IND","",""
27639,"","KC","KC","KC"
20380,"NYJ","NYJ","",""
29575,"","","","MIN"
23090,"","CLE","",""
20712,"PIT","PIT","PIT","PIT"
27785,"","","","STL"
24714,"BAL","BAL","BAL","KC"
27959,"","","CLE","CLE"
28571,"","","TB",""
24406,"SF","CAR","",""
10944,"NO","","",""
28040,"","","CLE","CLE"
24305,"TB","TB","DET","JAC"
26465,"","WAS","WAS","MIA"
19664,"SEA","","",""
30421,"","","",""
24263,"MIN","MIN","MIN","WAS"
30198,"","","",""
21612,"NE","","NE",""
24285,"BUF","BUF","JAC",""
25439,"CIN","CIN","CIN","CIN"
27675,"","BAL","BAL","BAL"
23557,"NYJ","ARI","ARI","ARI"
27375,"","SF","SF","SF"
24401,"SD","SD","SD","SD"
28019,"","","OAK","PIT"
30468,"","","",""
26499,"SF","","",""
9472,"CHI","CHI","NO",""
29629,"","","",""
24156,"PHI","PHI","",""
25633,"STL","STL","",""
21262,"CLE","CLE","DAL","DAL"
25571,"BUF","DET","DET","DET"
28140,"","","NYG","NYG"
28838,"","","",""
27058,"MIN","MIN","MIN",""
28114,"","","DAL","DAL"
15754,"DEN","SEA","NYG","DEN"
26019,"NYJ","NYJ","NE","NE"
26763,"SF","GB","",""
26557,"","","","JAC"
27975,"","","CLE","CLE"
23512,"HOU","","",""
27992,"","","PHI",""
28347,"","","",""
25829,"PIT","PIT","PIT","PIT"
27856,"","TB","TB","TB"
28665,"","","DAL",""
28242,"","","SF",""
22078,"NO","NO","",""
28354,"","","CHI",""
28586,"","","","SD"
29279,"","","","CLE"
13255,"NO","NO","",""
28172,"","","SD","SD"
29259,"","","","BAL"
23562,"ATL","ATL","CHI",""
28020,"","","SD",""
27531,"","NO","NO","NO"
29567,"","","","PHI"
27610,"","SF","NE","OAK"
25535,"KC","","",""
23462,"ATL","ATL","ATL","ATL"
20489,"WAS","WAS","NE","OAK"
21357,"WAS","OAK","OAK",""
29038,"","","","NYJ"
27547,"","","MIN","MIN"
23495,"IND","IND","ATL","CHI"
23611,"","WAS","",""
29679,"","","","HOU"
23255,"NE","NE","",""
24193,"PIT","","PIT","PIT"
24533,"","STL","",""
25458,"","MIN","MIN",""
29264,"","","","BAL"
28013,"","","SEA","SEA"
29626,"","","","STL"
28253,"","","MIA",""
29882,"","","",""
27991,"","","CHI","CHI"
27657,"","OAK","OAK","OAK"
22738,"WAS","WAS","WAS","WAS"
22909,"DAL","DAL","CHI",""
28256,"","","","DEN"
27753,"","GB","GB",""
28581,"","","","KC"
26370,"","PHI","PHI","PHI"
27110,"","","ATL","ATL"
27114,"NO","NO","NO","NO"
27233,"","","IND",""
26635,"BUF","DET","DET","DET"
23259,"WAS","WAS","WAS","WAS"
27869,"","SF","SF","SF"
23522,"JAC","","",""
25562,"OAK","","",""
26561,"","PIT","PIT","PIT"
28051,"","","OAK","OAK"
20499,"SEA","","",""
28406,"","","","ATL"
28666,"","","","DAL"
30538,"","","",""
19641,"NYJ","KC","KC",""
29193,"","","","SEA"
19104,"STL","ARI","ARI","ARI"
30503,"","","",""
28394,"","","STL","STL"
26908,"HOU","","IND",""
27511,"","JAC","","TB"
25668,"ARI","ARI","ARI","ARI"
25920,"","","","IND"
26195,"BAL","BAL","BAL","BAL"
27598,"","SD","",""
25400,"","WAS","WAS","WAS"
21348,"DAL","DAL","DAL",""
26837,"STL","","BAL","TB"
29578,"","","",""
30511,"","","",""
27606,"","","HOU","HOU"
20480,"","NYG","",""
27826,"","DAL","DAL","DAL"
27371,"","CHI","",""
30484,"","","",""
25410,"KC","KC","KC","KC"
29778,"","","",""
29254,"","","","CAR"
21891,"PIT","PIT","PIT","PIT"
26284,"NO","","CAR",""
29589,"","","","TEN"
23566,"NYG","NYG","NYG","NYG"
28742,"","","CAR","CAR"
26089,"KC","","",""
30020,"","","",""
22455,"DET","DET","DET",""
26270,"","","","IND"
28417,"","","JAC","KC"
26913,"CHI","CHI","CHI",""
26953,"TB","TB","TB","TB"
20285,"TEN","NE","",""
21144,"JAC","OAK","OAK",""
23173,"MIA","MIA","MIA","MIA"
27668,"","NE","NE","NE"
13694,"NYJ","NYJ","",""
27732,"","STL","STL","NE"
28157,"","","","NE"
22923,"WAS","WAS","WAS","WAS"
21206,"CAR","","CHI",""
21464,"ATL","","",""
23571,"DEN","DEN","CAR",""
27005,"NYG","NYG","NYG","NYG"
27047,"JAC","JAC","JAC","JAC"
25821,"NE","NE","NE","SD"
23545,"NYG","NYG","NYG","SF"
21261,"NYG","NYG","NYG","NYG"
9978,"STL","","",""
26354,"STL","STL","SF","SF"
30284,"","","",""
26222,"KC","IND","",""
19648,"TEN","NYG","",""
19502,"GB","GB","",""
24271,"BAL","BAL","WAS","WAS"
27155,"JAC","JAC","","JAC"
28897,"","","","BUF"
19503,"SEA","","",""
19188,"IND","IND","IND",""
23447,"","WAS","WAS",""
26999,"BAL","BAL","BAL","BAL"
28442,"","","SEA",""
29293,"","","","CIN"
27248,"","STL","","STL"
27270,"","","STL","STL"
27346,"","","ARI","ARI"
27477,"","IND","IND",""
27859,"","SEA","SEA","SEA"
28026,"","","NO","NO"
27109,"HOU","HOU","HOU","HOU"
27742,"","JAC","",""
24295,"JAC","","",""
26178,"SEA","SEA","","MIN"
30515,"","","",""
26171,"NYG","NYG","NYG","NYG"
26605,"JAC","JAC","JAC","JAC"
27860,"","CLE","CLE","CLE"
27877,"","ARI","ARI","ARI"
24296,"","SEA","SEA",""
27873,"","CIN","CIN","CIN"
28179,"","","OAK","OAK"
1157,"DEN","","",""
25442,"SEA","BAL","WAS","WAS"
30027,"","","",""
29429,"","","","PHI"
27673,"","","KC","KC"
23564,"SD","SD","NO","NO"
26361,"CAR","","",""
29332,"","","","CHI"
27573,"","","DEN","DEN"
20805,"CHI","","",""
551,"BAL","BAL","BAL","BAL"
25624,"DAL","DAL","DAL","HOU"
28083,"","","ATL","ATL"
22123,"CHI","CHI","CHI","CHI"
27136,"TEN","TEN","TEN","TEN"
23503,"NO","NO","NO","NO"
26295,"","","CAR",""
27235,"","","NE",""
25478,"OAK","OAK","",""
30535,"","","",""
25944,"BAL","DEN","SEA","SEA"
30312,"","","",""
24609,"","DAL","DAL",""
29272,"","","","BUF"
22081,"MIN","MIN","MIN",""
29295,"","","","SEA"
24267,"GB","GB","GB","GB"
25541,"STL","STL","",""
27948,"","","JAC","JAC"
28017,"","","WAS","WAS"
30278,"","","",""
26208,"ATL","","",""
23530,"","","OAK",""
1563,"CLE","CLE","",""
29260,"","","","SF"
28653,"","","IND",""
29143,"","","","NYJ"
29692,"","","","JAC"
23529,"SF","SF","SF","ARI"
24421,"IND","IND","IND","IND"
22002,"DEN","","",""
28070,"","","CAR","CAR"
21679,"CIN","KC","TEN","KC"
28122,"","","ARI","ARI"
24369,"CAR","CAR","ARI","ARI"
30422,"","","",""
27716,"","SF","",""
22781,"ATL","ATL","MIN","MIN"
29040,"","","",""
24566,"","DEN","",""
26382,"WAS","WAS","WAS","WAS"
23945,"OAK","OAK","",""
11326,"SEA","SEA","",""
22010,"PIT","PIT","ARI","ARI"
22019,"NE","NE","","DEN"
24447,"CHI","CHI","MIN","MIN"
30514,"","","",""
23812,"TEN","TEN","",""
21235,"CLE","","ARI","ARI"
29141,"","","","WAS"
28338,"","","","IND"
26572,"NO","","",""
28004,"","","",""
26121,"NO","","",""
26239,"BAL","BAL","",""
29209,"","","","DET"
27833,"","","","WAS"
5755,"PHI","","",""
28021,"","","NYG","NYG"
27844,"","TB","TB","TB"
22266,"MIN","MIN","MIN",""
21429,"CIN","CIN","OAK","OAK"
22093,"OAK","","",""
25925,"","TEN","TEN","TEN"
21161,"BUF","","",""
26845,"","TB","",""
26962,"SEA","","CHI",""
19770,"NYJ","ARI","ARI","ARI"
23466,"PHI","PHI","PHI","PHI"
23535,"NE","","",""
26564,"","PIT","PIT","PIT"
23444,"WAS","WAS","SF","SF"
22502,"JAC","JAC","JAC","JAC"
25860,"NE","NE","NE","CIN"
27423,"","DAL","",""
23485,"STL","STL","STL","OAK"
24382,"PHI","PHI","CAR","OAK"
22870,"PHI","SEA","NYG",""
27861,"","BUF","BUF","BUF"
22779,"","NYG","",""
24565,"STL","","",""
26903,"PIT","PIT","PIT","PIT"
24343,"SEA","DET","DET","DET"
2110,"NO","NYJ","NYJ",""
20461,"JAC","","",""
24452,"IND","","",""
24298,"STL","JAC","TEN",""
25510,"HOU","SD","",""
26254,"BUF","BUF","BUF",""
25557,"PIT","PIT","PIT","ARI"
23921,"DAL","DAL","DAL","DAL"
26043,"","NYJ","NYJ","NYJ"
23318,"HOU","","",""
26866,"BAL","","",""
25438,"NYG","NYG","PHI","STL"
22815,"MIA","","CIN",""
28071,"","","BUF","BUF"
30412,"","","",""
26181,"BUF","","",""
27969,"","","PIT","PIT"
24410,"WAS","WAS","WAS","WAS"
29118,"","","","OAK"
29142,"","","",""
22684,"STL","STL","STL","HOU"
29435,"","","","PHI"
28646,"","","","PIT"
27864,"","SD","SD","SD"
26780,"DAL","DAL","DAL","DAL"
28912,"","","","CIN"
22128,"CHI","CHI","CHI","CHI"
29261,"","","","GB"
26857,"BAL","BAL","BAL","BAL"
27138,"NE","NE","NE",""
27096,"","","","IND"
28899,"","","","STL"
5155,"HOU","","",""
26132,"BAL","","",""
27567,"","","KC","KC"
22714,"SD","SD","BAL",""
24432,"OAK","","",""
29358,"","","","KC"
23505,"MIA","MIA","",""
23606,"IND","IND","",""
24429,"TEN","TEN","TEN","STL"
28046,"","","DEN","DEN"
20962,"TEN","TEN","TEN","TEN"
26844,"BUF","BUF","BUF","BUF"
5720,"NE","WAS","",""
20342,"SD","CHI","",""
28057,"","","IND","IND"
19709,"ATL","ATL","ATL",""
25501,"DET","CIN","",""
26393,"OAK","OAK","OAK","OAK"
27218,"","IND","","DET"
29792,"","","",""
24225,"ARI","","HOU","OAK"
30141,"","","",""
30576,"","","",""
25580,"GB","GB","GB","GB"
27007,"ARI","ARI","ARI","ARI"
25566,"WAS","WAS","",""
29702,"","","","OAK"
22092,"HOU","","",""
27940,"","","DEN","DEN"
30522,"","","",""
30074,"","","",""
23541,"DEN","DEN","KC","DAL"
25512,"NO","NO","NO","NO"
26196,"BUF","BUF","",""
16271,"STL","","",""
22352,"MIN","MIA","MIN",""
29187,"","","","GB"
21977,"NYG","NYG","NYG","NYG"
25473,"BAL","BAL","BAL","BAL"
24232,"MIN","MIN","MIN","MIN"
26072,"","","NO","NO"
19456,"CHI","CHI","CHI","CHI"
27156,"","JAC","NE","TB"
30033,"","","",""
26177,"ATL","ATL","ATL","NO"
27126,"BUF","BUF","",""
28722,"","","","ARI"
2099,"SF","","",""
22157,"TB","TB","TB","CIN"
27065,"","CAR","JAC","TB"
27302,"","IND","",""
21219,"TEN","TEN","TEN","ATL"
27867,"","NYG","NYG","NYG"
22021,"TB","","",""
21990,"GB","GB","BUF","BUF"
23902,"DET","","",""
24242,"CAR","CAR","CAR","CAR"
27646,"","","","DAL"
19676,"ARI","HOU","HOU",""
26720,"CIN","CIN","CIN",""
28543,"","","HOU",""
26577,"","","","MIA"
27256,"","STL","STL","STL"
27647,"","NE","NE","NE"
26725,"CIN","CIN","CIN","CIN"
9311,"","DAL","DAL",""
30550,"","","",""
16577,"PIT","IND","",""
23497,"ARI","PIT","PIT",""
29343,"","","","ARI"
25519,"DEN","DEN","DEN",""
27712,"","NYJ","NYJ","NYJ"
26317,"TB","TB","TB","SD"
29166,"","","","BUF"
22864,"JAC","JAC","JAC","ATL"
28427,"","","PHI","PHI"
26367,"DEN","CLE","CLE","KC"
27701,"","MIN","MIN","MIN"
29747,"","","",""
30222,"","","",""
28059,"","","JAC","JAC"
30469,"","","",""
23405,"CLE","CLE","DAL","KC"
26192,"JAC","OAK","OAK","ARI"
26988,"DEN","DEN","DEN","DEN"
24230,"ATL","DET","",""
22711,"GB","GB","",""
23449,"KC","KC","KC","KC"
24324,"PHI","PHI","PHI","PHI"
22005,"DEN","","",""
27912,"","STL","STL","SD"
28339,"","","IND","WAS"
30556,"","","",""
23404,"GB","GB","SEA","SD"
29129,"","","","OAK"
24290,"GB","","",""
27993,"","","KC","KC"
26176,"GB","GB","GB","GB"
15495,"NE","","",""
22003,"TB","","",""
25396,"MIA","SF","SF","SF"
25489,"MIN","MIN","MIN","MIN"
27115,"MIA","MIA","MIA","MIA"
27603,"","CHI","CHI","CHI"
24243,"JAC","JAC","JAC","JAC"
23652,"TB","CHI","",""
24561,"WAS","","",""
25464,"PIT","PIT","CHI","CHI"
29552,"","","",""
30084,"","","",""
26712,"SF","STL","STL","STL"
23063,"PHI","PHI","",""
27055,"TB","TB","TB","TB"
22930,"ARI","ARI","ARI","ARI"
28044,"","","MIN","MIN"
28102,"","","BAL","BAL"
22245,"ATL","ATL","ATL","ATL"
26832,"NO","","NO","NO"
27173,"","","MIA",""
30499,"","","",""
28605,"","","GB","OAK"
28028,"","","PHI","PHI"
29853,"","","",""
24350,"KC","","",""
15784,"IND","","",""
23084,"SF","","",""
24237,"SF","SF","CIN","CIN"
28293,"","","",""
26282,"CHI","CHI","CHI","CHI"
26360,"DEN","","NE",""
19559,"MIA","MIA","",""
26166,"HOU","HOU","HOU","HOU"
22944,"IND","","SD",""
25608,"","ARI","",""
27079,"DAL","DAL","DAL","DAL"
28746,"","","CAR",""
20824,"DEN","","",""
30134,"","","",""
25637,"NYG","NYG","NYG","NYG"
30561,"","","",""
27692,"","CAR","CAR","CAR"
30559,"","","",""
26201,"DAL","DAL","DAL","NYG"
24325,"","DAL","",""
24238,"TB","TB","TB",""
24670,"CIN","CIN","CIN","CIN"
27103,"CIN","CIN","CIN","CIN"
25672,"KC","KC","",""
26791,"","","ARI","ARI"
27901,"","GB","",""
24282,"CIN","CAR","",""
30432,"","","",""
29616,"","","","STL"
20414,"NE","","",""
29898,"","","",""
29303,"","","","CLE"
26375,"","","BUF",""
30274,"","","",""
28089,"","","TB","TB"
27894,"","SF","SF","SF"
29283,"","","",""
27495,"","","TB","TB"
28000,"","","MIA","MIA"
29251,"","","","NYG"
21148,"NO","NO","CAR",""
23234,"ATL","ATL","TB","TB"
14375,"IND","IND","IND","GB"
27684,"","HOU","HOU","HOU"
27951,"","","DET","DET"
29305,"","","","CAR"
24466,"NO","NO","NO","NO"
23186,"NO","NO","NO",""
29892,"","","",""
22860,"CAR","DET","",""
24264,"NYJ","NYJ","STL","STL"
27597,"","SD","CAR",""
28454,"","","","MIA"
23474,"KC","","",""
26574,"","","","PHI"
27429,"","KC","",""
29606,"","","","MIN"
23532,"BAL","","BAL",""
28170,"","","","PIT"
24428,"OAK","","",""
29413,"","","","HOU"
21191,"TB","","",""
25493,"TB","TB","TB",""
28129,"","","PHI","PHI"
26221,"ARI","ARI","ARI","ARI"
27815,"","NYG","",""
27460,"","","CLE",""
22073,"MIN","MIN","MIN","MIN"
23893,"MIN","MIN","CLE",""
24424,"NO","NO","NO","NO"
27027,"BUF","BUF","BUF","BUF"
29617,"","","","ATL"
21146,"IND","IND","IND","IND"
26665,"","JAC","",""
25640,"CIN","CIN","OAK",""
28085,"","","JAC",""
28443,"","","","SEA"
26283,"DAL","DAL","DAL","DAL"
29628,"","","","OAK"
28410,"","","JAC",""
30544,"","","",""
28100,"","","PIT","PIT"
20139,"BUF","","",""
26292,"MIN","MIN","MIN","MIN"
28047,"","","TEN","TEN"
21547,"SD","SD","SD","SD"
27421,"","DAL","OAK","MIA"
30564,"","","",""
27953,"","","MIA","MIA"
21952,"BUF","","",""
30210,"","","",""
26183,"MIN","MIN","MIN","DET"
29249,"","","","SD"
27500,"","","BUF",""
27072,"KC","KC","KC",""
29524,"","","","KC"
27013,"DEN","DET","DET","DET"
24738,"PHI","PHI","DET",""
27419,"","DAL","IND","DEN"
25572,"ATL","ATL","",""
25404,"DEN","OAK","OAK",""
25548,"SEA","SEA","NO","NO"
29574,"","","",""
24102,"MIA","MIA","MIA","MIA"
27757,"","","","PHI"
26983,"OAK","OAK","OAK","OAK"
19545,"NYJ","NYJ","NE",""
26931,"NYG","NYG","NYG","NYG"
22217,"PIT","PIT","PIT","IND"
24372,"ATL","GB","GB","DAL"
20450,"WAS","WAS","",""
28112,"","","MIA","MIA"
20466,"MIN","MIN","MIN","TEN"
24244,"NYJ","NYJ","NYJ","NYJ"
27710,"","","SD","SD"
28496,"","","NE","NE"
6398,"BAL","BAL","KC",""
22755,"TEN","TEN","TEN","PHI"
23519,"PHI","PHI","",""
27555,"","SEA","SEA","SEA"
30235,"","","",""
26907,"","CHI","CHI","CHI"
27960,"","","IND","IND"
28650,"","","IND","IND"
26342,"IND","IND","",""
27035,"CAR","CAR","CAR","CAR"
24253,"OAK","OAK","CIN","CIN"
19921,"CAR","CAR","CAR",""
27485,"","","","CAR"
30132,"","","",""
22874,"JAC","JAC","JAC","JAC"
24682,"NE","","",""
21490,"TEN","TEN","",""
21344,"PIT","PIT","PIT","PIT"
25408,"JAC","CIN","CIN","CIN"
30380,"","","",""
27914,"","DAL","MIN","MIN"
27433,"","SF","",""
26444,"JAC","","",""
30403,"","","",""
26984,"JAC","JAC","JAC","JAC"
28238,"","","","NYJ"
25393,"WAS","WAS","WAS","NYJ"
26900,"CHI","NYJ","",""
17899,"MIN","MIN","",""
24648,"HOU","","",""
26610,"","TEN","",""
27245,"","CIN","CIN","CIN"
20270,"DEN","DEN","",""
30575,"","","",""
24300,"KC","KC","",""
27999,"","","","SD"
21940,"STL","STL","STL","CIN"
29268,"","","","BAL"
29275,"","","","SD"
18956,"JAC","JAC","JAC","JAC"
29421,"","","",""
22728,"BUF","","",""
27917,"","","CHI","HOU"
